62121754,    -107,    1008,      64
62160296,    -105,     999,      30
62198837,     -96,    1003,      38
62237379,    -103,    1006,      49
62275921,    -105,    1006,      36
62314462,     -97,    1004,      47
62353004,     -76,     999,      34
62391546,    -117,    1006,      29
62430087,    -119,    1008,      37
62468629,    -128,    1007,      34
62507171,    -118,    1005,      25
62545712,    -112,    1005,      35
62584254,    -117,    1005,      36
62622796,    -119,    1005,      33
62661337,    -123,    1004,      21
62699879,    -107,    1003,      20
62738421,    -113,    1001,      15
62776962,    -127,    1008,      48
62815504,    -116,    1004,      29
62854046,    -116,    1005,      30
62892587,    -120,    1007,      35
62931129,    -131,    1035,      78
62969671,    -188,    1021,       9
63008212,    -107,    1000,      46
63046754,     -56,    1025,      32
63085296,     -81,    1031,      22
63123837,     -15,     967,      13
63162379,      83,     990,     126
63200921,     -37,    1004,      53
63239462,     -53,    1009,      36
63278004,     -51,    1008,      30
63316546,     -54,    1009,      40
63355087,     -59,    1010,      22
63393629,     -42,    1006,      34
63432171,     -25,    1007,      32
63470712,     -68,    1007,      32
63509254,     -18,     995,      45
63547796,     -15,    1018,       0
63586337,    -143,    1005,      24
63624879,       0,    1008,    -102
63663421,     -33,    1003,      25
63701962,     -45,    1025,      71
63740504,     -72,    1014,      55
63779046,     -43,    1013,      46
63817587,     -50,    1004,      32
63856129,     -67,    1002,      35
63894671,     -47,    1004,      29
63933212,    -125,    1024,      35
63971754,    -112,    1021,      40
64010296,     -67,    1008,      31
64048837,     -85,    1009,      29
64087379,     -67,    1005,      28
64125921,     -76,    1007,      35
64164462,     -82,    1009,      41
64203004,     -30,     995,      26
64241546,     -65,    1006,      29
64280087,     -64,    1006,      33
64318629,     -60,    1006,      35
64357171,     -73,    1009,      40
64395712,     -69,    1007,      26
64434254,     -66,    1007,      34
64472796,     -68,    1007,      34
64511337,     -64,    1007,      30
64549879,     -70,    1008,      31
64588421,     -47,     998,      27
64626962,     -68,    1008,      38
64665504,     -70,    1008,      28
64704046,     -66,    1006,      32
64742587,     -77,    1010,      34
64781129,     -60,    1005,      30
64819671,     -62,    1006,      33
64858212,     -78,    1013,      33
64896754,     -61,    1008,      30
64935296,     -57,    1006,      35
64973837,     -36,     999,      75
65012379,     -69,    1011,      48
65050921,     -50,    1006,      30
65089462,     -40,    1003,      30
65128004,     -41,    1075,    -122
65166546,     -63,     995,      97
65205087,     -51,    1004,     153
65243629,     -17,    1000,     -61
65282171,     -33,    1004,      84
65320712,     -72,    1006,      64
65359254,     -59,    1005,      48
65397796,     -63,    1009,      22
65436337,     -58,    1010,      44
65474879,     -59,    1005,      46
65513421,     -53,    1008,      28
65551962,     -51,    1004,      25
65590504,     -60,    1007,      28
65629046,     -68,    1006,      33
65667587,     -59,    1006,      32
65706129,     -77,    1008,      33
65744671,     -77,    1007,      30
65783212,     -79,    1011,      36
65821754,     -71,    1006,      33
65860296,     -75,    1007,      33
65898837,     -77,    1007,      40
65937379,     -70,    1007,      32
65975921,     -71,    1007,      35
66014462,     -89,    1009,      32
66053004,     -74,    1006,      26
66091546,     -73,    1006,      32
66130087,     -78,    1007,      29
66168629,     -74,    1006,      29
66207171,     -74,    1007,      26
66245712,     -77,    1006,      27
66284254,     -79,    1010,      29
66322796,     -78,    1008,      28
66361337,     -79,    1009,      21
66399879,    -106,    1012,      86
66438421,      55,     990,      53
66476962,     -53,     980,     -41
66515504,     -59,    1006,     101
66554046,     -53,    1006,       5
66592587,     -53,    1002,      24
66631129,     -56,    1002,      49
66669671,     -72,    1093,     162
66708212,     -66,    1034,     116
66746754,     -56,     998,      78
66785296,     -56,    1020,      36
66823837,     -54,    1015,      57
66862379,     -50,    1007,      55
66900921,     -69,    1025,      41
66939462,     -52,    1018,      -2
66978004,     -71,    1019,      21
67016546,      13,     984,      29
67055087,     -41,    1009,      15
67093629,     -40,    1008,      22
67132171,     -41,    1008,      29
67170712,     -43,    1008,      26
67209254,     -40,    1009,      25
67247796,     -42,    1008,      26
67286337,     -41,    1008,      23
67324879,     -41,    1009,      29
67363421,     -41,    1008,      30
67401962,     -41,    1008,      25
67440504,     -41,    1007,      24
67479046,     -42,    1008,      29
67517587,     -41,    1008,      28
67556129,     -40,    1007,      24
67594671,     -41,    1009,      28
67633212,     -41,    1007,      30
67671754,     -43,    1007,      25
67710296,     -41,    1006,      25
67748837,     -41,    1009,      33
67787379,     -42,    1007,      26
67825921,     -42,    1008,      24
67864462,     -41,    1008,      26
67903004,     -40,    1008,      24
67941546,     -42,    1007,      26
67980087,     -44,    1009,      36
68018629,     -40,    1009,      27
68057171,     -41,    1007,      22
68095712,     -42,    1008,      26
68134254,     -39,    1007,      20
68172796,     -24,     891,    -599
68211337,     -65,    1021,     253
68249879,     -39,    1014,     128
68288421,     -41,    1004,       2
68326962,     -41,    1016,      61
68365504,     -42,    1005,      38
68404046,     -41,    1006,      37
68442587,     -41,    1007,      16
68481129,     -40,    1007,      37
68519671,     -43,    1005,      33
68558212,     -43,    1005,      28
68596754,     -43,    1007,      22
68635296,     -42,    1006,      24
68673837,     -43,    1006,      25
68712379,     -43,    1008,      26
68750921,     -42,    1007,      25
68789462,     -45,    1007,      25
68828004,     -39,    1004,      28
68866546,     -56,    1011,      29
68905087,     -48,    1009,      27
68943629,     -43,    1007,      26
68982171,     -44,    1007,      29
69020712,     -43,    1008,      35
69059254,     -39,     971,     118
69097796,      -2,    1015,     -73
69136337,     -55,     989,     -49
69174879,     -44,    1000,      66
69213421,     -50,    1016,      29
69251962,     -45,    1006,       8
69290504,     -15,     944,    -116
69329046,     -36,     984,      32
69367587,     -59,    1003,     -69
69406129,     -45,    1006,      28
69444671,     -44,    1001,      32
69483212,     -45,    1004,      11
69521754,       5,     952,     282
69560296,     -63,     982,    -239
69598837,     -71,    1045,       6
69637379,     -42,    1008,      46
69675921,     -53,    1002,      50
69714462,     -46,    1005,      30
69753004,     -48,    1010,      25
69791546,     -75,     875,    -720
69830087,     -41,    1008,    -124
69868629,     -47,    1009,     118
69907171,     -49,    1006,      34
69945712,     -51,    1011,      11
69984254,     -52,    1007,       0
70022796,     -49,    1006,      44
70061337,     -55,    1006,      22
70099879,     -55,    1006,      14
70138421,     -54,    1004,      30
70176962,     -53,    1004,      32
70215504,     -53,    1007,      25
70254046,     -53,    1006,      27
70292587,     -53,    1006,      35
70331129,     -50,    1008,      29
70369671,     -54,    1007,      29
70408212,     -53,    1007,      26
70446754,     -53,    1007,      28
70485296,     -53,    1008,      30
70523837,     -52,    1007,      26
70562379,     -54,    1009,      32
70600921,     -53,    1009,      33
70639462,    -149,    1099,    1248
70678004,     -76,    1009,     -62
70716546,     -50,    1034,      23
70755087,     -50,    1005,     -29
70793629,     -52,    1003,      45
70832171,     -53,    1007,      18
70870712,     -49,    1007,       3
70909254,     -53,    1006,      54
70947796,     -58,    1008,      30
70986337,     -56,    1008,      19
71024879,     -56,    1006,      30
71063421,     -53,    1006,      33
71101962,     -55,    1006,      30
71140504,     -54,    1008,      29
71179046,     -54,    1008,      29
71217587,     -64,    1070,    -273
71256129,     -49,     961,     132
71294671,     -73,    1045,      49
71333212,     -58,    1006,      -3
71371754,     -40,    1002,      72
71410296,     -62,    1016,      11
71448837,     -59,    1010,      26
71487379,     -10,     965,     263
71525921,     -37,    1011,     228
71564462,     -66,     999,     -78
71603004,     -51,     999,      81
71641546,     -70,    1004,      64
71680087,     -63,    1006,      -1
71718629,     -64,    1005,      21
71757171,     -62,    1004,      38
71795712,     -65,    1006,      20
71834254,     -62,    1007,      23
71872796,     -61,    1009,      30
71911337,     -60,    1006,      21
71949879,     -30,     988,      -4
71988421,      -9,    1025,    -251
72026962,    -111,    1014,     230
72065504,     -71,    1031,      15
72104046,     -75,    1015,      27
72142587,     -68,    1007,      62
72181129,     -65,    1010,      35
72219671,     -68,    1013,      28
72258212,     -67,    1009,      34
72296754,     -66,    1008,      33
72335296,     -69,    1010,      23
72373837,     -66,    1009,      29
72412379,     -66,    1014,     187
72450921,     -95,    1044,     -24
72489462,     -75,    1032,      64
72528004,     -62,    1001,      18
72566546,     -68,    1013,      37
72605087,     -51,     994,      15
72643629,    -114,    1003,      81
72682171,     -73,    1003,     -12
72720712,     -57,    1004,      76
72759254,     -69,    1001,       3
72797796,     -69,    1002,       0
72836337,     -62,    1000,      50
72874879,     -56,    1010,      39
72913421,     -61,    1008,      30
72951962,     -60,     968,     352
72990504,     -49,     976,      29
73029046,     -64,    1012,      28
73067587,     -62,     999,      67
73106129,     -63,     999,      55
73144671,     -61,    1007,      38
73183212,     -63,    1012,      22
73221754,     -63,    1005,      49
73260296,     -63,    1008,      42
73298837,     -62,    1008,      34
73337379,     -63,    1008,      32
73375921,     -57,     990,     241
73414462,     -54,     983,      27
73453004,     -80,    1008,     -18
73491546,     -66,    1006,      39
73530087,     -66,     997,      27
73568629,     -64,    1007,      43
73607171,     -67,    1002,      17
73645712,     -53,     959,     254
73684254,     -79,    1013,      78
73722796,     -68,     994,      15
73761337,     -67,    1002,      79
73799879,     -66,    1005,      33
73838421,     -68,    1004,       8
73876962,     -65,    1004,      44
73915504,     -62,    1005,      44
73954046,     -65,    1008,      35
73992587,     -65,    1007,      29
74031129,     -65,    1007,      35
74069671,    -123,     971,     239
74108212,     -62,    1035,     156
74146754,     -68,    1000,      97
74185296,     -65,    1004,      77
74223837,     -66,    1010,       7
74262379,     -64,    1009,      47
74300921,     -63,    1003,      48
74339462,     -65,    1014,      34
74378004,     -63,    1006,      25
74416546,     -70,    1007,      42
74455087,     -69,    1005,      35
74493629,     -66,    1008,      25
74532171,     -68,    1007,      27
74570712,     -74,    1021,       9
74609254,     -83,     989,      -4
74647796,     -64,    1004,      59
74686337,     -70,    1004,     -18
74724879,     -68,    1006,      15
74763421,    -136,    1090,     193
74801962,     -73,    1052,     316
74840504,     -66,     999,      90
74879046,     -70,    1018,       3
74917587,     -72,    1009,      33
74956129,     -49,     993,      73
74994671,     -78,    1018,      22
75033212,    -134,     961,    -496
75071754,     -67,    1024,     -25
75110296,     -70,    1005,     -63
75148837,     -74,    1006,      58
75187379,     -74,    1009,       6
75225921,     -87,    1035,     -47
75264462,     -87,     981,     -57
75303004,     -71,    1006,      22
75341546,     -79,    1011,     -34
75380087,     -73,    1000,      51
75418629,     -74,    1002,      34
75457171,     -76,    1007,      10
75495712,     -74,    1004,      24
75534254,     -73,    1001,      30
75572796,     -61,     992,       2
75611337,    -109,    1013,      45
75649879,     -89,    1005,      35
75688421,     -84,    1005,      39
75726962,     -84,    1005,      32
75765504,     -84,    1003,      25
75804046,     -75,     997,      43
75842587,     -96,    1020,      39
75881129,    -127,    1080,     -29
75919671,     -91,    1004,      -3
75958212,     -91,    1008,      38
75996754,     -90,    1004,      37
76035296,     -90,    1006,      30
76073837,     -91,    1006,      25
76112379,     -88,    1006,      31
76150921,     -89,    1005,      33
76189462,     -90,    1005,      35
76228004,    -131,     981,    -256
76266546,     -94,     989,     214
76305087,     -86,    1006,      83
76343629,     -89,    1003,      20
76382171,     -89,    1009,      27
76420712,     -90,    1001,      39
76459254,     -88,    1005,      45
76497796,     -88,    1006,      30
76536337,     -90,    1006,      33
76574879,     -89,    1006,      37
76613421,     -89,    1005,      36
76651962,     -77,    1029,      35
76690504,     -87,    1009,      40
76729046,     -90,    1003,      24
76767587,     -89,    1005,      42
76806129,     -94,    1007,      18
76844671,     -93,    1002,      15
76883212,     -86,    1008,      25
76921754,     -87,    1000,      22
76960296,     -87,    1005,      45
76998837,     -88,    1006,      30
77037379,     -88,    1005,      45
77075921,     -86,    1006,      39
77114462,     -90,    1005,      33
77153004,     -87,    1006,      44
77191546,     -89,    1007,      30
77230087,     -89,    1006,      32
77268629,     -87,    1007,      40
77307171,     -90,    1007,      31
77345712,     -84,    1004,      25
77384254,     -89,    1007,      37
77422796,    -119,    1018,      37
77461337,     -53,     997,      13
77499879,     -81,    1005,      25
77538421,     -81,    1005,      31
77576962,     -78,    1007,      38
77615504,     -79,    1006,      28
77654046,     -85,    1005,      41
77692587,     -81,    1001,      20
77731129,     -72,    1004,      12
77769671,     -75,    1005,      33
77808212,     -70,    1012,      32
77846754,     -52,    1021,      35
77885296,     -76,    1002,      15
77923837,     -75,    1006,      19
77962379,     -75,    1002,      24
78000921,     -73,    1012,      48
78039462,     -74,    1009,      12
78078004,     -67,    1003,      -3
78116546,     -56,    1005,      25
78155087,     -86,     965,      22
78193629,    -141,    1045,      16
78232171,     -75,    1013,      -5
78270712,     -72,     999,     -57
78309254,     -84,    1009,     -85
78347796,     -73,    1017,    -114
78386337,     -78,    1022,    -119
78424879,     -85,    1025,     -62
78463421,    -144,    1045,    -116
78501962,     -54,     999,    -137
78540504,     -75,    1024,    -203
78579046,     -89,    1010,    -231
78617587,     -72,    1035,    -239
78656129,     -89,     987,    -355
78694671,     -48,    1001,    -370
78733212,     -67,     987,    -279
78771754,     -70,     977,    -414
78810296,     -77,     915,    -444
78848837,     -73,    1009,    -408
78887379,     -46,     922,    -471
78925921,     -80,     859,    -529
78964462,     -63,     841,    -519
79003004,     -30,     822,    -534
79041546,     -89,     787,    -574
79080087,      -6,     774,    -536
79118629,     -42,     746,    -524
79157171,     -48,     742,    -574
79195712,     -63,     768,    -722
79234254,     -52,     763,    -717
79272796,     -46,     747,    -711
79311337,     -47,     760,    -683
79349879,     -38,     751,    -674
79388421,     -47,     756,    -682
79426962,     -43,     752,    -683
79465504,     -44,     756,    -684
79504046,     -46,     754,    -681
79542587,     -45,     756,    -679
79581129,     -48,     753,    -680
79619671,     -44,     755,    -681
79658212,     -46,     753,    -689
79696754,     -44,     754,    -678
79735296,     -44,     754,    -682
79773837,     -45,     755,    -682
79812379,     -41,     753,    -680
79850921,     -43,     754,    -680
79889462,     -38,     754,    -685
79928004,     -41,     753,    -682
79966546,     -40,     754,    -681
80005087,     -41,     754,    -683
80043629,     -45,     753,    -681
80082171,     -40,     750,    -676
80120712,     -56,     750,    -634
80159254,     -26,     764,    -685
80197796,     -38,     754,    -676
80236337,     -42,     751,    -642
80274879,     -44,     750,    -600
80313421,     -25,     755,    -593
80351962,     -23,     753,    -545
80390504,     -56,     777,    -503
80429046,       4,     814,    -526
80467587,     -55,     838,    -582
80506129,     -35,     866,    -582
80544671,     -37,     884,    -538
80583212,     -45,     893,    -469
80621754,     -31,     918,    -442
80660296,     -43,     944,    -419
80698837,     -44,     956,    -394
80737379,     -37,     984,    -382
80775921,     -30,     993,    -370
80814462,     -36,    1001,    -333
80853004,     -37,     999,    -289
80891546,     -39,    1002,    -259
80930087,     -31,    1002,    -191
80968629,     -38,    1007,    -148
81007171,     -41,    1058,    -112
81045712,     -20,    1035,     -72
81084254,     -42,    1023,    -113
81122796,     -34,    1015,    -117
81161337,     -32,    1019,     -99
81199879,     -35,    1016,     -81
81238421,     -38,    1015,      -6
81276962,     -36,    1013,     -11
81315504,     -40,    1012,      26
81354046,       9,    1158,     331
81392587,     -64,     967,      92
81431129,     -45,    1024,      -4
81469671,     -37,    1010,      31
81508212,     -32,    1002,      23
81546754,     -39,    1008,      22
81585296,     -39,    1002,      18
81623837,     -35,    1008,      23
81662379,     -35,    1005,      37
81700921,     -32,    1009,      28
81739462,     -35,    1008,       8
81778004,     -34,    1008,      26
81816546,     -34,    1009,      29
81855087,     -35,    1009,      28
81893629,     -36,    1009,      24
81932171,     -36,    1008,      23
81970712,     -35,    1009,      28
82009254,     -35,    1009,      24
82047796,     -37,    1009,      30
82086337,     -37,    1009,      18
82124879,     -38,    1008,      26
82163421,     -36,    1009,      29
82201962,     -37,    1007,      21
82240504,     -35,    1010,      30
82279046,     -36,    1009,      31
82317587,     -35,    1009,      32
82356129,     -36,    1009,      29
82394671,     -34,    1009,      35
82433212,     -36,    1009,      33
82471754,     -37,    1009,      33
82510296,     -43,    1011,      30
82548837,       2,    1000,      37
82587379,     -16,    1008,      33
82625921,      -4,    1003,      19
82664462,      35,     994,      25
82703004,      -2,    1008,      32
82741546,      -2,    1008,      28
82780087,      -3,    1008,      32
82818629,      -2,    1007,      31
82857171,      -2,    1006,      22
82895712,      -3,    1008,      27
82934254,      -4,    1009,      30
82972796,      -2,    1007,      29
83011337,      -5,    1008,      42
83049879,      -6,    1008,      25
83088421,      -3,    1009,      28
83126962,      -5,    1008,      31
83165504,      -7,    1007,      28
83204046,      -3,    1008,      28
83242587,      -7,    1007,      29
83281129,      -6,    1008,      29
83319671,      -7,    1007,      25
83358212,      -3,    1006,      34
83396754,      -9,    1007,      39
83435296,      -9,    1006,      24
83473837,      -4,    1008,      18
83512379,      -5,    1005,       6
83550921,     -12,    1008,      25
83589462,      -6,    1009,      36
83628004,     -18,    1004,      10
83666546,      -1,    1009,      38
83705087,      -5,    1005,      22
83743629,     -25,    1015,      17
83782171,      -9,    1007,      26
83820712,      -5,    1003,      24
83859254,     110,     933,      31
83897796,    -100,    1051,       0
83936337,     -22,    1011,       5
83974879,     -23,    1009,     -28
84013421,     -25,    1012,     -69
84051962,     -17,    1013,     -89
84090504,     -19,    1016,     -75
84129046,     -25,    1016,    -103
84167587,     -24,    1025,    -143
84206129,     -15,    1020,    -134
84244671,     -22,    1023,    -163
84283212,     -28,    1025,    -168
84321754,     -19,    1013,    -210
84360296,     -35,    1015,    -243
84398837,     -58,    1154,    -268
84437379,       5,     944,    -332
84475921,     -34,     938,    -383
84514462,     -40,     977,    -355
84553004,      10,     944,    -329
84591546,     -38,     947,    -390
84630087,    -140,     961,    -430
84668629,     -71,     884,    -525
84707171,     -25,     843,    -546
84745712,     -45,     877,    -547
84784254,    -130,     865,    -605
84822796,      67,     766,    -633
84861337,      -2,     782,    -632
84899879,     -24,     750,    -628
84938421,     -29,     722,    -633
84976962,     -30,     701,    -626
85015504,     -24,     693,    -626
85054046,     -35,     674,    -645
85092587,     -26,     694,    -770
85131129,      -5,     684,    -702
85169671,     -25,     675,    -737
85208212,     -24,     686,    -747
85246754,     -33,     693,    -761
85285296,     -34,     690,    -756
85323837,     -30,     691,    -750
85362379,     -31,     687,    -747
85400921,     -31,     687,    -749
85439462,     -26,     689,    -749
85478004,     -33,     687,    -747
85516546,     -25,     692,    -754
85555087,     -31,     687,    -749
85593629,     -30,     693,    -755
85632171,     -32,     685,    -742
85670712,     -25,     693,    -747
85709254,     -32,     688,    -747
85747796,     -29,     691,    -753
85786337,     -30,     689,    -748
85824879,     -27,     688,    -748
85863421,     -30,     691,    -750
85901962,     -31,     689,    -749
85940504,     -26,     690,    -750
85979046,     -32,     687,    -749
86017587,     -22,     690,    -748
86056129,     -33,     685,    -750
86094671,     -24,     688,    -766
86133212,     -27,     685,    -748
86171754,     -29,     686,    -748
86210296,     -29,     687,    -751
86248837,     -27,     686,    -750
86287379,     -24,     692,    -753
86325921,     -31,     682,    -747
86364462,     -25,     692,    -745
86403004,     -30,     686,    -748
86441546,     -27,     689,    -756
86480087,     -29,     689,    -758
86518629,     -28,     687,    -748
86557171,     -27,     688,    -745
86595712,     -27,     689,    -754
86634254,     -29,     688,    -754
86672796,     -28,     687,    -749
86711337,     -25,     690,    -748
86749879,     -30,     685,    -749
86788421,     -26,     692,    -752
86826962,     -31,     685,    -748
86865504,     -26,     689,    -750
86904046,     -28,     687,    -748
86942587,     -28,     690,    -750
86981129,     -29,     687,    -749
87019671,     -28,     690,    -751
87058212,     -26,     689,    -751
87096754,     -29,     689,    -749
87135296,     -30,     690,    -749
87173837,     -29,     688,    -753
87212379,     -29,     688,    -749
87250921,     -28,     689,    -751
87289462,     -30,     688,    -751
87328004,     -26,     690,    -754
87366546,     -30,     689,    -747
87405087,     -28,     689,    -752
87443629,     -29,     689,    -749
87482171,     -28,     688,    -751
87520712,     -31,     689,    -749
87559254,     -30,     689,    -752
87597796,     -30,     690,    -751
87636337,     -30,     688,    -751
87674879,     -26,     688,    -748
87713421,     -29,     687,    -751
87751962,     -29,     689,    -749
87790504,     -30,     688,    -749
87829046,     -27,     690,    -752
87867587,     -33,     687,    -750
87906129,     -28,     691,    -750
87944671,     -31,     686,    -746
87983212,     -26,     690,    -750
88021754,     -29,     687,    -749
88060296,     -33,     690,    -750
88098837,     -30,     689,    -751
88137379,     -31,     689,    -752
88175921,     -27,     687,    -747
88214462,     -32,     688,    -749
88253004,     -34,     687,    -743
88291546,     -33,     688,    -746
88330087,     -23,     693,    -741
88368629,     -30,     685,    -720
88407171,     -32,     688,    -687
88445712,     -33,     682,    -649
88484254,     -27,     694,    -637
88522796,     -25,     721,    -612
88561337,     -14,     760,    -622
88599879,      64,     919,    -661
88638421,     -49,     733,    -650
88676962,      -8,     798,    -621
88715504,     -29,     826,    -613
88754046,     -24,     867,    -608
88792587,     -36,     870,    -567
88831129,     -17,     885,    -551
88869671,     -40,     900,    -514
88908212,     -28,     909,    -493
88946754,     -28,     917,    -467
88985296,     -27,     926,    -442
89023837,     -33,     931,    -412
89062379,     -26,     944,    -378
89100921,     -24,     954,    -368
89139462,     -33,     956,    -347
89178004,     -24,     971,    -309
89216546,     -22,     976,    -291
89255087,     -26,     983,    -256
89293629,     -26,     993,    -235
89332171,     -26,     998,    -217
89370712,     -26,    1004,    -198
89409254,     -38,    1007,    -172
89447796,     -24,    1008,    -186
89486337,     -12,    1012,    -132
89524879,     -31,    1015,    -176
89563421,     -25,    1001,    -121
89601962,     -19,    1006,     -71
89640504,     -26,    1010,     -40
89679046,     -33,    1011,     -64
89717587,     -35,    1000,     -66
89756129,     -28,    1011,     -41
89794671,     -28,    1013,      14
89833212,     -26,    1010,      35
89871754,     -47,    1029,      -2
89910296,       9,    1088,   -1071
89948837,     -29,     971,      39
89987379,     -27,    1018,     -15
90025921,     -30,    1015,      44
90064462,     -28,    1004,      31
90103004,     -35,    1005,      23
90141546,     -30,    1008,      19
90180087,     -36,    1009,      28
90218629,     -37,    1008,      24
90257171,     -35,    1008,      27
90295712,     -34,    1009,      26
90334254,     -36,    1009,      28
90372796,     -39,    1009,      27
90411337,     -32,    1008,      25
90449879,     -39,    1008,      25
90488421,     -38,    1009,      27
90526962,     -41,    1009,      27
90565504,     -44,    1009,      28
90604046,     -39,    1007,      25
90642587,     -40,    1008,      28
90681129,     -42,    1007,      25
90719671,     -36,    1007,      27
90758212,     -46,    1009,      30
90796754,     -45,    1009,      26
90835296,     -45,    1009,      29
90873837,     -47,    1009,      23
90912379,     -48,    1008,      24
90950921,     -47,    1007,      25
90989462,     -47,    1008,      26
91028004,     -47,    1009,      27
91066546,     -48,    1008,      27
91105087,     -47,    1008,      26
91143629,     -46,    1009,      27
91182171,     -45,    1008,      26
91220712,     -47,    1007,      23
91259254,     -45,    1008,      24
91297796,     -47,    1008,      30
91336337,     -47,    1008,      27
91374879,     -47,    1007,      26
91413421,     -48,    1008,      27
91451962,     -47,    1009,      27
91490504,     -47,    1008,      24
91529046,     -47,    1007,      25
91567587,     -47,    1009,      25
91606129,     -48,    1008,      26
91644671,     -47,    1008,      24
91683212,     -47,    1008,      25
91721754,     -48,    1009,      25
91760296,     -49,    1009,      29
91798837,     -49,    1009,      25
91837379,     -45,    1009,      23
91875921,     -50,    1005,      22
91914462,     -46,    1010,      28
91953004,     -48,    1008,      26
91991546,     -48,    1008,      29
92030087,     -47,    1008,      22
92068629,     -48,    1005,      25
92107171,     -43,    1010,      25
92145712,     -49,    1008,      22
92184254,     -48,    1008,      23
92222796,     -45,    1004,      13
92261337,     -48,    1008,      25
92299879,     -48,    1010,      20
92338421,     -40,    1006,      20
92376962,     -47,    1009,      15
92415504,     -46,    1012,      -3
92454046,     -77,    1033,     -24
92492587,      -5,     991,     -49
92531129,     -48,    1012,     -94
92569671,     -35,    1020,    -119
92608212,     -35,    1025,    -120
92646754,     -42,    1025,    -141
92685296,     -38,    1027,    -163
92723837,     -46,    1038,    -227
92762379,     -35,    1034,    -238
92800921,     -46,    1029,    -308
92839462,     -36,    1032,    -334
92878004,     -60,     998,    -461
92916546,     -33,     998,    -354
92955087,     -46,     973,    -356
92993629,     -56,     943,    -453
93032171,     -51,     896,    -485
93070712,     -32,     852,    -493
93109254,      16,     817,    -536
93147796,     -99,     804,    -532
93186337,     -28,     766,    -531
93224879,     -40,     769,    -513
93263421,     -45,     732,    -539
93301962,     -44,     721,    -585
93340504,     -77,     761,    -773
93379046,     -59,     757,    -753
93417587,     -37,     708,    -741
93456129,     -28,     724,    -690
93494671,     -37,     730,    -692
93533212,     -40,     730,    -701
93571754,     -38,     737,    -711
93610296,     -41,     733,    -703
93648837,     -44,     737,    -698
93687379,     -43,     730,    -710
93725921,     -39,     732,    -709
93764462,     -45,     731,    -702
93803004,     -40,     736,    -707
93841546,     -41,     734,    -709
93880087,     -39,     735,    -706
93918629,     -42,     734,    -700
93957171,     -47,     735,    -710
93995712,     -43,     732,    -708
94034254,     -41,     736,    -703
94072796,     -42,     733,    -708
94111337,     -45,     732,    -707
94149879,     -40,     734,    -706
94188421,     -39,     733,    -683
94226962,     -40,     734,    -704
94265504,     -41,     734,    -709
94304046,     -39,     732,    -703
94342587,     -39,     733,    -713
94381129,     -42,     733,    -706
94419671,     -40,     734,    -707
94458212,     -41,     734,    -696
94496754,     -42,     736,    -708
94535296,     -41,     733,    -706
94573837,     -41,     734,    -708
94612379,     -42,     734,    -704
94650921,     -40,     734,    -705
94689462,     -41,     734,    -705
94728004,     -42,     733,    -706
94766546,     -44,     733,    -708
94805087,     -29,     737,    -716
94843629,     -41,     731,    -722
94882171,     -39,     734,    -694
94920712,     -41,     733,    -707
94959254,     -40,     737,    -706
94997796,     -44,     732,    -712
95036337,     -32,     713,    -697
95074879,     -55,     758,    -692
95113421,     -41,     746,    -708
95151962,     -42,     740,    -697
95190504,     -40,     737,    -687
95229046,     -35,     741,    -666
95267587,     -40,     736,    -663
95306129,     -39,     738,    -671
95344671,     -29,     755,    -688
95383212,     -47,     753,    -723
95421754,     -24,     754,    -743
95460296,     -38,     758,    -701
95498837,     -46,     749,    -663
95537379,     -37,     747,    -559
95575921,     -24,     749,    -488
95614462,     -50,     768,    -457
95653004,     -39,     810,    -430
95691546,     -38,     859,    -473
95730087,     -35,     908,    -553
95768629,     -31,     932,    -604
95807171,     -45,     936,    -588
95845712,     -30,     959,    -522
95884254,     -15,     952,    -463
95922796,     -38,     956,    -368
95961337,     -17,     965,    -279
95999879,     -46,     985,    -254
96038421,     -33,     993,    -253
96076962,     -38,    1001,    -225
96115504,     -34,    1013,    -209
96154046,     -36,    1015,    -169
96192587,     -32,    1039,    -273
96231129,     -35,    1019,    -111
96269671,     -40,    1025,    -156
96308212,     -33,    1030,    -120
96346754,     -36,    1022,     -67
96385296,     -49,    1024,     -29
96423837,     -37,    1033,     -70
96462379,    -181,     870,     212
96500921,     -11,    1034,      51
96539462,     -38,    1009,      42
96578004,     -30,    1005,      30
96616546,     -23,    1008,      37
96655087,     -36,    1007,      20
96693629,     -35,    1007,      27
96732171,     -34,    1006,      36
96770712,     -40,    1010,      26
96809254,     -40,    1005,      27
96847796,     -41,    1005,      32
96886337,     -37,    1005,      27
96924879,     -38,    1008,      27
96963421,     -34,    1008,      27
97001962,     -46,    1009,      25
97040504,     -41,    1008,      27
97079046,     -43,    1007,      28
97117587,     -51,    1010,      31
97156129,     -48,    1009,      25
97194671,     -43,    1008,      30
97233212,     -47,    1009,      28
97271754,     -48,    1008,      25
97310296,     -46,    1008,      27
97348837,     -45,    1008,      31
97387379,     -48,    1007,      26
97425921,     -46,    1008,      27
97464462,     -45,    1007,      27
97503004,     -50,    1008,      26
97541546,     -50,    1007,      25
97580087,     -49,    1007,      27
97618629,     -48,    1008,      28
97657171,     -48,    1008,      28
97695712,     -49,    1008,      30
97734254,     -48,    1007,      25
97772796,     -49,    1008,      25
97811337,     -48,    1007,      25
97849879,     -48,    1007,      28
97888421,     -50,    1008,      28
97926962,     -49,    1008,      28
97965504,     -49,    1009,      27
98004046,     -50,    1008,      25
98042587,     -48,    1008,      27
98081129,     -50,    1008,      25
98119671,     -49,    1008,      30
98158212,     -49,    1008,      27
98196754,     -51,    1008,      27
98235296,     -48,    1008,      27
98273837,     -47,    1007,      28
98312379,     -50,    1009,      26
98350921,     -44,    1008,      24
98389462,     -64,    1009,      26
98428004,     -54,    1009,      30
98466546,     -51,    1008,      25
98505087,     -51,    1007,      28
98543629,     -54,    1008,      29
98582171,     -53,    1008,      30
98620712,     -53,    1007,      25
98659254,     -54,    1007,      27
98697796,     -53,    1008,      29
98736337,     -53,    1008,      27
98774879,     -53,    1008,      29
98813421,     -54,    1008,      27
98851962,     -54,    1007,      25
98890504,     -53,    1007,      27
98929046,     -52,    1008,      26
98967587,     -53,    1008,      26
99006129,     -52,    1008,      25
99044671,     -53,    1008,      27
99083212,     -53,    1008,      27
99121754,     -53,    1008,      26
99160296,     -52,    1009,      28
99198837,     -53,    1008,      28
99237379,     -52,    1008,      27
99275921,     -52,    1008,      27
99314462,     -51,    1007,      23
99353004,     -52,    1007,      25
99391546,     -52,    1008,      25
99430087,     -52,    1008,      27
99468629,     -52,    1008,      29
99507171,     -52,    1007,      27
99545712,     -52,    1008,      27
99584254,     -51,    1007,      26
99622796,     -52,    1008,      28
99661337,     -53,    1006,      25
99699879,     -53,    1008,      29
99738421,     -52,    1007,      27
99776962,     -53,    1008,      26
99815504,     -53,    1008,      27
99854046,     -52,    1009,      28
99892587,     -52,    1008,      29
99931129,     -53,    1008,      27
99969671,     -53,    1008,      27
100008212,     -53,    1007,      27
100047796,     -52,    1008,      27
100087379,     -53,    1007,      26
100126962,     -52,    1008,      24
100166546,     -52,    1008,      29
100206129,     -53,    1007,      25
100245712,     -52,    1007,      27
100285296,     -50,    1007,      28
100324879,     -52,    1008,      25
100364462,     -51,    1008,      27
100404046,     -52,    1008,      27
100443629,     -51,    1008,      26
100483212,     -52,    1008,      26
100522796,     -52,    1009,      27
100562379,     -52,    1007,      26
100601962,     -52,    1009,      28
100641546,     -52,    1009,      28
100681129,     -54,    1007,      27
100720712,     -53,    1009,      28
100760296,     -52,    1007,      23
100799879,     -51,    1007,      25
100839462,     -53,    1008,      27
100879046,     -53,    1007,      27
100918629,     -52,    1007,      25
100958212,     -52,    1008,      27
100997796,     -53,    1007,      26
101037379,     -51,    1009,      27
101076962,     -54,    1008,      30
101116546,     -51,    1008,      29
101156129,     -51,    1008,      30
101195712,     -53,    1008,      31
101235296,     -54,    1007,      30
101274879,     -54,    1007,      28
101314462,     -49,    1006,      41
101354046,     -53,    1007,      29
101393629,     -51,    1007,      18
101433212,     -53,    1006,      30
101472796,     -52,    1006,      38
101512379,     -53,    1008,      35
101551962,     -52,    1007,      33
101591546,     -45,    1002,      34
101631129,     -64,    1010,      26
101670712,     -57,    1006,      23
101710296,     -40,    1009,      14
101749879,     -55,    1011,      19
101789462,     -54,    1008,      25
101829046,     -48,    1005,      -4
101868629,     -37,    1014,      -3
101908212,     -76,    1019,     -88
101947796,     -45,    1024,    -164
101987379,     -62,    1063,    -210
102026962,     -51,    1037,    -192
102066546,     -51,    1044,    -180
102106129,     -70,    1045,    -184
102145712,    -106,    1055,    -248
102185296,      90,    1028,    -168
102224879,      -2,    1006,    -363
102264462,     -18,     999,    -375
102304046,     -31,     966,    -328
102343629,     -37,     944,    -413
102383212,     -28,     914,    -467
102422796,     -47,     871,    -483
102462379,      -6,     874,    -480
102501962,     -34,     823,    -488
102541546,     -22,     798,    -552
102581129,     -25,     782,    -596
102620712,     -32,     752,    -609
102660296,     -26,     749,    -650
102699879,     -43,     736,    -657
102739462,     -24,     738,    -673
102779046,     -35,     740,    -705
102818629,     -22,     741,    -695
102858212,     -30,     717,    -707
102897796,     -25,     719,    -705
102937379,     -36,     708,    -705
102976962,     -27,     708,    -722
103016546,     -23,     707,    -749
103056129,     -27,     704,    -762
103095712,     -29,     694,    -767
103135296,     -24,     697,    -777
103174879,     -26,     690,    -776
103214462,     -28,     680,    -776
103254046,     -57,     648,    -759
103293629,     -26,     664,    -750
103333212,     -13,     662,    -729
103372796,     -20,     648,    -765
103412379,     -23,     642,    -753
103451962,     -21,     638,    -781
103491546,     -30,     644,    -818
103531129,     -16,     635,    -817
103570712,     -26,     626,    -767
103610296,     -21,     624,    -733
103649879,     -28,     639,    -806
103689462,     -27,     635,    -809
103729046,     -19,     633,    -778
103768629,     -21,     628,    -796
103808212,     -22,     628,    -795
103847796,     -17,     630,    -798
103887379,     -20,     627,    -797
103926962,     -19,     632,    -803
103966546,     -23,     630,    -795
104006129,     -18,     631,    -804
104045712,     -23,     627,    -797
104085296,     -18,     632,    -805
104124879,     -24,     629,    -799
104164462,     -22,     633,    -797
104204046,     -21,     633,    -799
104243629,     -23,     631,    -798
104283212,     -22,     634,    -784
104322796,     -23,     629,    -825
104362379,     -25,     627,    -801
104401962,     -20,     632,    -798
104441546,     -24,     630,    -797
104481129,     -22,     630,    -805
104520712,     -21,     630,    -799
104560296,     -22,     631,    -795
104599879,     -21,     631,    -798
104639462,     -22,     630,    -800
104679046,     -22,     631,    -799
104718629,     -23,     630,    -800
104758212,     -21,     631,    -800
104797796,     -29,     627,    -800
104837379,     -22,     630,    -806
104876962,     -26,     628,    -796
104916546,     -23,     631,    -804
104956129,     -25,     627,    -806
104995712,     -21,     630,    -803
105035296,     -26,     629,    -798
105074879,     -21,     632,    -802
105114462,     -25,     629,    -800
105154046,     -24,     630,    -798
105193629,     -25,     629,    -803
105233212,     -24,     629,    -809
105272796,     -24,     629,    -808
105312379,     -24,     633,    -789
105351962,     -25,     638,    -781
105391546,     -24,     631,    -800
105431129,     -22,     633,    -812
105470712,     -27,     629,    -801
105510296,     -22,     633,    -797
105549879,     -26,     628,    -807
105589462,     -24,     630,    -802
105629046,     -26,     636,    -754
105668629,     -28,     630,    -794
105708212,     -22,     631,    -802
105747796,     -22,     629,    -802
105787379,     -25,     632,    -796
105826962,     -26,     628,    -806
105866546,     -25,     629,    -801
105906129,     -26,     630,    -797
105945712,     -24,     628,    -803
105985296,     -24,     629,    -799
106024879,     -25,     629,    -800
106064462,     -26,     630,    -804
106104046,     -25,     629,    -800
106143629,     -24,     630,    -800
106183212,     -26,     629,    -793
106222796,     -26,     631,    -787
106262379,     -27,     631,    -801
106301962,     -25,     632,    -805
106341546,     -26,     627,    -795
106381129,     -23,     633,    -801
106420712,     -29,     627,    -792
106460296,     -23,     632,    -784
106499879,     -21,     628,    -744
106539462,     -11,     635,    -732
106579046,     -26,     640,    -737
106618629,     -51,     646,    -715
106658212,     -20,     668,    -768
106697796,     -24,     687,    -800
106737379,     -34,     694,    -829
106776962,     -21,     705,    -834
106816546,     -35,     706,    -797
106856129,     -31,     692,    -719
106895712,      -7,     700,    -739
106935296,      -5,     696,    -722
106974879,     -76,     696,    -755
107014462,     -67,     709,    -739
107054046,     -39,     703,    -715
107093629,     -45,     699,    -682
107133212,     -41,     702,    -665
107172796,     -44,     709,    -632
107212379,     -40,     726,    -638
107251962,     -37,     746,    -673
107291546,     -47,     763,    -729
107331129,     -40,     778,    -773
107370712,     -29,     798,    -799
107410296,     -66,     784,    -698
107449879,     -64,     787,    -705
107489462,     -39,     785,    -659
107529046,     -45,     773,    -650
107568629,     -41,     785,    -646
107608212,     -44,     775,    -643
107647796,     -42,     783,    -651
107687379,     -47,     779,    -653
107726962,     -45,     779,    -648
107766546,     -47,     776,    -629
107806129,     -43,     777,    -612
107845712,     -44,     781,    -598
107885296,     -47,     786,    -581
107924879,     -42,     795,    -580
107964462,     -49,     804,    -587
108004046,     -40,     823,    -595
108043629,     -45,     830,    -614
108083212,     -45,     843,    -609
108122796,     -41,     851,    -608
108162379,     -37,     854,    -597
108201962,     -42,     861,    -592
108241546,     -44,     862,    -604
108281129,     -46,     866,    -572
108320712,     -46,     862,    -565
108360296,     -46,     863,    -547
108399879,     -44,     861,    -546
108439462,     -44,     861,    -540
108479046,     -43,     861,    -536
108518629,     -46,     859,    -536
108558212,     -36,     859,    -535
108597796,     -45,     862,    -533
108637379,     -49,     864,    -531
108676962,     -44,     868,    -540
108716546,     -48,     865,    -538
108756129,     -47,     865,    -534
108795712,     -46,     865,    -535
108835296,     -49,     864,    -532
108874879,     -44,     864,    -531
108914462,     -47,     863,    -525
108954046,     -46,     859,    -510
108993629,     -44,     867,    -509
109033212,     -45,     865,    -484
109072796,     -46,     867,    -479
109112379,     -41,     869,    -477
109151962,     -47,     880,    -462
109191546,     -48,     891,    -469
109231129,     -45,     903,    -490
109270712,     -46,     911,    -510
109310296,     -46,     917,    -510
109349879,     -48,     917,    -507
109389462,     -41,     920,    -499
109429046,     -42,     909,    -428
109468629,     -45,     912,    -440
109508212,     -37,     913,    -441
109547796,     -48,     914,    -439
109587379,     -45,     915,    -442
109626962,     -43,     915,    -438
109666546,     -47,     914,    -441
109706129,     -45,     915,    -440
109745712,     -47,     914,    -439
109785296,     -49,     912,    -437
109824879,     -44,     916,    -436
109864462,     -44,     917,    -442
109904046,     -48,     916,    -436
109943629,     -41,     915,    -425
109983212,     -45,     914,    -410
110022796,     -45,     912,    -386
110062379,     -46,     914,    -382
110101962,     -42,     919,    -380
110141546,     -43,     933,    -401
110181129,     -52,     937,    -415
110220712,     -48,     941,    -395
110260296,     -45,     942,    -386
110299879,     -42,     944,    -358
110339462,     -46,     947,    -346
110379046,     -47,     956,    -363
110418629,     -42,     963,    -387
110458212,     -46,     965,    -393
110497796,     -47,     966,    -373
110537379,     -45,     955,    -323
110576962,     -42,     962,    -323
110616546,     -47,     956,    -325
110656129,     -47,     959,    -325
110695712,     -44,     960,    -323
110735296,     -43,     960,    -323
110774879,     -47,     958,    -323
110814462,     -47,     962,    -316
110854046,     -48,     957,    -326
110893629,     -44,     958,    -326
110933212,     -47,     961,    -317
110972796,     -45,     959,    -325
111012379,     -44,     961,    -325
111051962,     -47,     959,    -319
111091546,     -46,     959,    -321
111131129,     -44,     960,    -319
111170712,     -45,     959,    -322
111210296,     -46,     960,    -319
111249879,     -45,     959,    -322
111289462,     -42,     962,    -320
111329046,     -48,     959,    -322
111368629,     -43,     962,    -323
111408212,     -46,     958,    -323
111447796,     -47,     962,    -312
111487379,     -45,     960,    -323
111526962,     -46,     960,    -323
111566546,     -47,     957,    -321
111606129,     -45,     962,    -319
111645712,     -47,     960,    -323
111685296,     -45,     959,    -323
111724879,     -46,     962,    -322
111764462,     -46,     959,    -326
111804046,     -45,     962,    -321
111843629,     -47,     960,    -322
111883212,     -45,     961,    -321
111922796,     -47,     959,    -322
111962379,     -46,     961,    -323
112001962,     -47,     960,    -320
112041546,     -45,     959,    -327
112081129,     -46,     962,    -315
112120712,     -45,     959,    -327
112160296,     -46,     961,    -321
112199879,     -46,     959,    -321
112239462,     -47,     959,    -324
112279046,     -43,     960,    -323
112318629,     -45,     960,    -319
112358212,     -48,     959,    -328
112397796,     -45,     960,    -328
112437379,     -45,     960,    -323
112476962,     -46,     960,    -325
112516546,     -44,     961,    -323
112556129,     -49,     959,    -325
112595712,     -45,     963,    -321
112635296,     -46,     959,    -325
112674879,     -44,     960,    -321
112714462,     -47,     961,    -324
112754046,     -45,     960,    -327
112793629,     -45,     962,    -325
112833212,     -47,     959,    -322
112872796,     -43,     962,    -322
112912379,     -62,     959,    -324
112951962,     -45,     961,    -323
112991546,     -47,     961,    -323
113031129,     -45,     962,    -322
113070712,     -48,     960,    -321
113110296,     -44,     960,    -323
113149879,     -46,     961,    -323
113189462,     -47,     961,    -325
113229046,     -44,     960,    -328
113268629,     -45,     961,    -322
113308212,     -46,     960,    -326
113347796,     -44,     961,    -323
113387379,     -46,     960,    -322
113426962,     -45,     962,    -323
113466546,     -47,     960,    -322
113506129,     -44,     960,    -325
113545712,     -45,     961,    -324
113585296,     -46,     961,    -322
113624879,     -44,     960,    -326
113664462,     -45,     961,    -323
113704046,     -47,     960,    -326
113743629,     -45,     962,    -325
113783212,     -44,     962,    -324
113822796,     -44,     960,    -324
113862379,     -46,     961,    -320
113901962,     -45,     960,    -322
113941546,     -46,     961,    -319
113981129,     -44,     961,    -322
114020712,     -45,     961,    -322
114060296,     -46,     962,    -322
114099879,     -46,     959,    -326
114139462,     -45,     962,    -324
114179046,     -46,     959,    -322
114218629,     -44,     960,    -326
114258212,     -39,     960,    -324
114297796,     -47,     961,    -318
114337379,     -42,     960,    -330
114376962,     -44,     960,    -321
114416546,     -45,     960,    -321
114456129,     -44,     960,    -322
114495712,     -44,     962,    -320
114535296,     -45,     957,    -329
114574879,     -45,     961,    -311
114614462,     -44,     960,    -299
114654046,     -45,     960,    -291
114693629,     -44,     962,    -293
114733212,     -25,     976,    -262
114772796,     -37,     970,    -268
114812379,     -37,     973,    -284
114851962,     -40,     976,    -298
114891546,     -38,     976,    -274
114931129,     -38,     978,    -253
114970712,     -45,     978,    -231
115010296,     -30,     982,    -229
115049879,     -35,     986,    -213
115089462,     -37,     990,    -214
115129046,     -33,     995,    -219
115168629,     -34,     997,    -235
115208212,     -39,     999,    -258
115247796,     -45,    1002,    -256
115287379,     -40,     999,    -198
115326962,     -17,     994,    -176
115366546,     -22,     995,    -181
115406129,     -35,     998,    -173
115445712,     -25,     994,    -169
115485296,     -26,     998,    -173
115524879,     -30,     997,    -176
115564462,     -29,     997,    -177
115604046,     -27,     996,    -174
115643629,     -26,     996,    -170
115683212,     -31,     997,    -151
115722796,     -26,     996,    -160
115762379,     -28,     997,    -147
115801962,     -30,     996,    -137
115841546,     -26,     999,    -140
115881129,     -31,     999,    -138
115920712,     -27,    1001,    -135
115960296,     -29,     999,    -146
115999879,     -26,    1017,    -161
116039462,     -26,    1005,    -149
116079046,     -28,    1002,    -106
116118629,     -23,    1005,     -94
116158212,     -29,    1003,     -93
116197796,     -27,    1005,    -109
116237379,     -30,    1006,    -112
116276962,     -28,    1005,     -90
116316546,     -27,    1009,     -91
116356129,     -25,    1008,    -104
116395712,     -27,    1008,    -104
116435296,     -27,    1006,     -89
116474879,     -27,    1006,     -70
116514462,     -26,    1006,     -71
116554046,     -26,    1008,     -68
116593629,     -27,    1006,     -70
116633212,     -27,    1007,     -74
116672796,     -29,    1008,     -64
116712379,     -25,    1005,     -89
116751962,     -29,    1009,     -57
116791546,     -29,    1007,     -68
116831129,     -27,    1007,     -71
116870712,     -27,    1007,     -71
116910296,     -28,    1006,     -71
116949879,     -28,    1007,     -71
116989462,     -28,    1006,     -73
117029046,     -28,    1007,     -69
117068629,     -28,    1006,     -71
117108212,     -29,    1006,     -68
117147796,     -28,    1007,     -67
117187379,     -28,    1007,     -68
117226962,     -30,    1007,     -70
117266546,     -29,    1007,     -65
117306129,     -28,    1007,     -76
117345712,     -29,    1006,     -66
117385296,     -28,    1007,     -71
117424879,     -32,    1007,     -71
117464462,     -29,    1007,     -69
117504046,     -32,    1006,     -69
117543629,     -32,    1007,     -70
117583212,     -31,    1007,     -70
117622796,     -32,    1006,     -72
117662379,     -31,    1008,     -72
117701962,     -31,    1006,     -69
117741546,     -31,    1007,     -72
117781129,     -33,    1008,     -66
117820712,     -32,    1008,     -68
117860296,     -30,    1007,     -73
117899879,     -32,    1006,     -67
117939462,     -31,    1006,     -70
117979046,     -32,    1007,     -68
118018629,     -31,    1007,     -70
118058212,     -31,    1007,     -71
118097796,     -32,    1006,     -69
118137379,     -32,    1007,     -69
118176962,     -32,    1007,     -69
118216546,     -33,    1007,     -69
118256129,     -32,    1007,     -70
118295712,     -32,    1008,     -70
118335296,     -32,    1006,     -70
118374879,     -32,    1006,     -72
118414462,     -33,    1006,     -68
118454046,     -31,    1007,     -70
118493629,     -32,    1008,     -71
118533212,     -30,    1007,     -62
118572796,     -32,    1007,     -70
118612379,     -31,    1008,     -70
118651962,     -32,    1007,     -72
118691546,     -32,    1007,     -70
118731129,     -32,    1007,     -72
118770712,     -32,    1008,     -69
118810296,     -32,    1006,     -74
118849879,     -31,    1008,     -71
118889462,     -32,    1007,     -73
118929046,     -31,    1008,     -70
118968629,     -31,    1007,     -68
119008212,     -33,    1006,     -69
119047796,     -32,    1007,     -70
119087379,     -32,    1007,     -70
119126962,     -33,    1007,     -69
119166546,     -32,    1006,     -71
119206129,     -30,    1007,     -69
119245712,     -32,    1006,     -69
119285296,     -33,    1007,     -67
119324879,     -31,    1009,     -57
119364462,     -33,    1006,     -74
119404046,     -33,    1007,     -71
119443629,     -34,    1007,     -69
119483212,     -33,    1009,     -68
119522796,     -34,    1006,     -73
119562379,     -33,    1008,     -67
119601962,     -32,    1006,     -70
119641546,     -33,    1007,     -72
119681129,     -35,    1006,     -64
119720712,     -34,    1006,     -71
119760296,     -35,    1008,     -67
119799879,     -31,    1004,     -38
119839462,     -31,    1005,       0
119879046,     -28,    1003,      12
119918629,     -31,    1009,     -12
119958212,     -42,    1013,     -42
119997796,     -32,    1012,     -12
120037379,     -39,    1007,      -2
120076962,     -37,    1014,      -6
120116546,     -19,     980,     -74
120156129,      50,    1042,    -842
120195712,     -57,     989,      73
120235296,     -35,    1010,     -14
120274879,     -36,    1012,      28
120314462,     -31,    1009,      31
120354046,     -33,    1008,      32
120393629,     -34,    1009,      31
120433212,     -35,    1008,      26
120472796,     -38,    1006,      26
120512379,     -37,    1007,      29
120551962,     -37,    1008,      27
120591546,     -37,    1009,      32
120631129,     -35,    1010,      37
120670712,     -38,    1009,      36
120710296,     -37,    1007,      26
120749879,     -33,    1007,      31
120789462,     -40,    1007,      27
120829046,     -36,    1008,      33
120868629,     -43,    1007,      25
120908212,     -39,    1008,      30
120947796,     -37,    1007,      33
120987379,     -40,    1007,      30
121026962,     -45,    1007,      34
121066546,     -45,    1007,      36
121106129,     -50,    1010,      34
121145712,     -47,    1009,      33
121185296,     -45,    1008,      29
121224879,     -44,    1007,      33
121264462,     -44,    1008,      31
121304046,     -44,    1008,      32
121343629,     -45,    1007,      34
121383212,     -45,    1007,      34
121422796,     -43,    1008,      38
121462379,     -44,    1006,      28
121501962,     -45,    1007,      33
121541546,     -46,    1007,      33
121581129,     -44,    1007,      34
121620712,     -45,    1007,      31
121660296,     -45,    1008,      33
121699879,     -45,    1007,      37
121739462,     -47,    1008,      36
121779046,     -45,    1008,      36
121818629,     -45,    1007,      35
121858212,     -45,    1007,      35
121897796,     -47,    1007,      39
121937379,     -43,    1008,      33
121976962,     -43,    1007,      35
122016546,     -44,    1007,      37
122056129,     -43,    1008,      37
122095712,     -44,    1009,      40
122135296,     -43,    1007,      35
122174879,     -42,    1008,      40
122214462,     -41,    1006,      35
122254046,     -43,    1006,      34
122293629,     -43,    1008,      35
122333212,     -40,    1008,      35
122372796,     -46,    1009,      39
122412379,     -44,    1008,      35
122451962,     -42,    1007,      42
122491546,     -43,    1006,      30
122531129,     -42,    1006,      34
122570712,     -44,     993,      30
122610296,     -51,     991,      47
122649879,     -49,    1029,      41
122689462,     -39,    1012,      42
122729046,     -43,    1008,      34
122768629,     -44,    1004,      30
122808212,     -35,    1008,      32
122847796,     -41,    1005,      42
122887379,     -39,    1006,      32
122926962,     -36,    1007,      29
122966546,     -39,    1006,      39
123006129,     -32,     987,      19
123045712,     -41,    1036,      37
123085296,     -38,    1009,      27
123124879,     -40,    1006,      26
123164462,     -40,    1009,      21
123204046,     -38,    1007,      14
123243629,     -40,    1010,      15
123283212,     -40,    1009,       8
123322796,     -41,    1009,      14
123362379,     -38,    1009,     -21
123401962,     -43,    1010,     -42
123441546,     -37,    1015,     -69
123481129,     -39,    1014,     -59
123520712,     -42,    1005,    -102
123560296,     -29,    1002,     -47
123599879,     -49,    1028,      -7
123639462,     -55,    1023,     -33
123679046,     -31,    1005,      -1
123718629,     -39,     999,     -16
123758212,     -54,     965,    -105
123797796,     -56,    1046,     -85
123837379,     -40,    1008,     -86
123876962,     -40,    1006,     -90
123916546,     -43,    1003,     -88
123956129,     -39,    1005,     -86
123995712,     -38,    1003,    -104
124035296,     -43,    1005,     -81
124074879,     -39,    1006,     -93
124114462,     -40,    1005,     -93
124154046,     -55,     998,    -126
124193629,     -41,    1005,     -84
124233212,     -38,    1007,     -92
124272796,     -41,    1005,     -91
124312379,     -40,    1005,     -88
124351962,     -40,    1006,     -84
124391546,     -40,    1005,     -94
124431129,     -49,    1006,     -82
124470712,     -43,    1005,     -90
124510296,     -39,    1005,     -83
124549879,     -42,    1005,     -88
124589462,     -43,    1007,     -83
124629046,     -39,    1006,     -86
124668629,     -41,    1005,     -90
124708212,     -40,    1005,     -89
124747796,     -40,    1004,     -87
124787379,     -40,    1005,     -89
124826962,     -41,    1006,     -83
124866546,     -41,    1005,     -88
124906129,     -37,    1006,     -91
124945712,     -54,     990,    -130
124985296,     -44,    1007,     -86
125024879,     -30,    1010,     -83
125064462,     -33,    1005,     -86
125104046,     -34,    1005,     -89
125143629,     -33,    1006,     -87
125183212,     -34,    1005,     -87
125222796,     -34,    1005,     -87
125262379,     -35,    1005,     -85
125301962,     -35,    1006,     -85
125341546,     -34,    1005,     -88
125381129,     -35,    1005,     -86
125420712,     -37,    1006,     -88
125460296,     -34,    1006,     -90
125499879,     -35,    1005,     -86
125539462,     -34,    1007,     -85
125579046,     -35,    1005,     -85
125618629,     -34,    1006,     -87
125658212,     -35,    1006,     -87
125697796,     -33,    1005,     -86
125737379,     -35,    1006,     -89
125776962,     -33,    1006,     -88
125816546,     -35,    1005,     -86
125856129,     -34,    1005,     -87
125895712,     -35,    1006,     -88
125935296,     -35,    1005,     -87
125974879,     -35,    1006,     -86
126014462,     -35,    1005,     -88
126054046,     -33,    1006,     -91
126093629,     -37,    1005,     -85
126133212,     -35,    1006,     -87
126172796,     -33,    1005,     -86
126212379,     -38,    1003,     -93
126251962,     -32,    1007,     -80
126291546,     -35,    1003,     -89
126331129,     -36,    1005,     -89
126370712,     -35,    1003,     -87
126410296,     -34,    1006,     -88
126449879,     -38,    1005,     -91
126489462,     -38,    1007,     -98
126529046,     -41,    1007,    -116
126568629,     -38,    1008,    -156
126608212,     -40,    1015,    -192
126647796,     -38,    1008,    -195
126687379,     -30,    1008,    -155
126726962,     -37,    1009,    -196
126766546,     -40,    1009,    -195
126806129,     -35,    1013,    -210
126845712,     -39,     996,    -235
126885296,     -35,    1021,    -165
126924879,     -40,     967,    -370
126964462,     -39,     999,    -313
127004046,     -27,     957,    -339
127043629,     -32,     952,    -341
127083212,     -32,     940,    -337
127122796,     -38,     931,    -310
127162379,     -31,     918,    -390
127201962,     -33,     914,    -413
127241546,     -38,     911,    -450
127281129,     -51,     915,    -558
127320712,      -3,     893,    -510
127360296,     -23,     886,    -550
127399879,     -20,     887,    -573
127439462,     -36,     877,    -578
127479046,     -43,     871,    -591
127518629,     -29,     855,    -599
127558212,     -29,     818,    -570
127597796,     -68,     765,    -628
127637379,       8,     811,    -631
127676962,     -30,     764,    -648
127716546,      -5,     743,    -651
127756129,       4,     737,    -643
127795712,       3,     709,    -653
127835296,     -25,     695,    -683
127874879,      10,     681,    -687
127914462,      -4,     673,    -694
127954046,       6,     670,    -719
127993629,      12,     673,    -773
128033212,       0,     673,    -763
128072796,       4,     681,    -755
128112379,       1,     674,    -757
128151962,       7,     678,    -761
128191546,       0,     676,    -758
128231129,       6,     678,    -759
128270712,       6,     679,    -758
128310296,       4,     678,    -755
128349879,       5,     681,    -756
128389462,       1,     679,    -755
128429046,       1,     681,    -767
128468629,       5,     682,    -738
128508212,      -8,     677,    -752
128547796,     -10,     676,    -758
128587379,      -1,     679,    -756
128626962,      -5,     677,    -762
128666546,      -8,     676,    -760
128706129,      -5,     678,    -764
128745712,      -5,     680,    -757
128785296,      -5,     679,    -755
128824879,      -4,     678,    -759
128864462,      -2,     679,    -757
128904046,      -6,     679,    -758
128943629,      -3,     680,    -762
128983212,      -5,     679,    -757
129022796,      -3,     679,    -763
129062379,      -5,     677,    -758
129101962,      -3,     678,    -759
129141546,      -3,     677,    -758
129181129,      -3,     678,    -761
129220712,      -4,     677,    -756
129260296,      -2,     677,    -761
129299879,      -1,     678,    -755
129339462,      -3,     678,    -760
129379046,      -9,     680,    -757
129418629,      -4,     677,    -761
129458212,      -6,     679,    -761
129497796,      -7,     677,    -760
129537379,      -6,     677,    -756
129576962,      -2,     679,    -763
129616546,     -15,     675,    -749
129656129,      -7,     677,    -759
129695712,      -3,     682,    -750
129735296,     -11,     682,    -708
129774879,     -14,     666,    -648
129814462,       6,     692,    -657
129854046,      -9,     696,    -673
129893629,      10,     722,    -660
129933212,      -3,     724,    -633
129972796,       4,     761,    -575
130012379,       7,     778,    -516
130051962,       8,     827,    -464
130091546,      28,     883,    -455
130131129,       7,     939,    -460
130170712,      20,     976,    -498
130210296,      31,    1003,    -474
130249879,       7,    1007,    -391
130289462,      24,    1015,    -361
130329046,      32,    1028,    -304
130368629,      49,    1019,    -280
130408212,     -52,    1021,    -224
130447796,      23,    1003,    -346
130487379,      -5,    1023,    -183
130526962,       7,    1016,     -94
130566546,       7,    1025,     -66
130606129,       8,    1017,     -56
130645712,       6,    1020,     -25
130685296,      11,    1017,     -10
130724879,       8,    1016,     -36
130764462,     -95,     948,     624
130804046,      62,    1028,     -26
130843629,       0,    1015,      54
130883212,       2,    1002,      32
130922796,       6,    1008,      27
130962379,      11,    1009,      42
131001962,       9,    1009,      45
131041546,      13,    1007,      39
131081129,      12,    1006,      38
131120712,      11,    1005,      48
131160296,      29,    1002,      36
131199879,      -3,    1006,      37
131239462,     -41,    1007,      42
131279046,     -21,    1008,      43
131318629,     -13,    1007,      40
131358212,     -12,    1008,      45
131397796,     -14,    1007,      39
131437379,     -13,    1007,      41
131476962,     -14,    1006,      39
131516546,     -12,    1005,      37
131556129,     -14,    1006,      40
131595712,     -12,    1007,      40
131635296,     -13,    1007,      38
131674879,     -13,    1007,      43
131714462,     -13,    1007,      44
131754046,     -13,    1007,      39
131793629,     -14,    1007,      40
131833212,     -14,    1007,      41
131872796,     -12,    1007,      42
131912379,     -12,    1006,      38
131951962,     -13,    1008,      44
131991546,     -16,    1007,      39
132031129,     -14,    1006,      40
132070712,     -13,    1008,      40
132110296,     -14,    1006,      43
132149879,     -16,    1006,      43
132189462,     -14,    1006,      43
132229046,     -14,    1007,      41
132268629,     -14,    1007,      42
132308212,     -15,    1008,      47
132347796,     -16,    1009,      57
132387379,     -13,    1007,      39
132426962,     -14,    1007,      49
132466546,     -15,    1007,      38
132506129,     -12,    1007,      46
132545712,     -15,    1007,      43
132585296,     -13,    1007,      45
132624879,     -11,    1006,      40
132664462,     -20,    1007,      40
132704046,     -23,    1007,      45
132743629,     -12,    1007,      43
132783212,     -15,    1007,      38
132822796,     -20,    1007,      41
132862379,     -16,    1007,      44
132901962,     -13,    1005,      35
132941546,     -15,    1006,      39
132981129,     -17,    1007,      44
133020712,     -16,    1006,      42
133060296,     -17,    1007,      41
133099879,     -26,     999,      13
133139462,     -12,    1007,      48
133179046,     -12,    1007,      42
133218629,     -13,    1006,      42
133258212,     -13,    1007,      47
133297796,     -13,    1007,      44
133337379,     -14,    1008,      45
133376962,     -14,    1006,      39
133416546,     -13,    1007,      42
133456129,     -14,    1006,      46
133495712,     -15,    1007,      45
133535296,     -15,    1007,      42
133574879,     -14,    1009,      52
133614462,     -14,    1008,      44
133654046,      -7,    1005,      40
133693629,     -22,     998,      20
133733212,     -11,    1013,      88
133772796,      -8,    1004,      10
133812379,     -15,    1009,      40
133851962,     -12,    1007,      40
133891546,     -11,    1007,      35
133931129,     -11,    1007,      37
133970712,     -10,    1007,      41
134010296,     -13,    1008,      49
134049879,     -12,    1005,      37
134089462,     -12,    1007,      44
134129046,     -12,    1007,      39
134168629,     -12,    1007,      46
134208212,     -13,    1007,      40
134247796,     -11,    1007,      43
134287379,     -12,    1007,      43
134326962,     -12,    1006,      38
134366546,     -11,    1006,      37
134406129,     -11,    1007,      43
134445712,     -13,    1008,      46
134485296,     -14,    1006,      39
134524879,      -9,    1005,      33
134564462,     119,    1054,      89
134604046,     -37,    1037,      78
134643629,     -12,    1007,      41
134683212,     -12,    1009,      48
134722796,      -9,    1007,      46
134762379,      -5,    1006,      38
134801962,      -5,    1003,      32
134841546,      -8,    1007,      40
134881129,     -10,    1007,      44
134920712,      -9,    1007,      44
134960296,      -9,    1007,      40
134999879,      -9,    1007,      41
135039462,      -9,    1007,      39
135079046,      -6,    1006,      43
135118629,     -13,    1008,      49
135158212,     -13,    1007,      38
135197796,     -11,    1006,      36
135237379,      -9,    1006,      41
135276962,      -9,    1007,      41
135316546,     -12,    1008,      45
135356129,     -11,    1008,      42
135395712,     -10,    1007,      41
135435296,     -11,    1007,      40
135474879,     -12,    1007,      41
135514462,     -10,    1007,      39
135554046,     -12,    1007,      40
135593629,     -12,    1006,      40
135633212,     -10,    1007,      42
135672796,     -12,    1007,      42
135712379,     -11,    1007,      39
135751962,     -12,    1007,      40
135791546,     -12,    1007,      43
135831129,     -12,    1007,      42
135870712,     -12,    1007,      41
135910296,      -8,    1006,      41
135949879,     -10,    1007,      43
135989462,     -15,    1007,      44
136029046,     -13,    1007,      41
136068629,     -12,    1007,      43
136108212,     -12,    1006,      38
136147796,     -13,    1006,      41
136187379,     -12,    1007,      42
136226962,     -13,    1007,      38
136266546,     -12,    1007,      40
136306129,     -13,    1007,      43
136345712,     -12,    1007,      43
136385296,     -13,    1007,      39
136424879,     -14,    1007,      40
136464462,     -13,    1007,      40
136504046,     -13,    1005,      39
136543629,     -14,    1007,      43
136583212,     -13,    1008,      40
136622796,     -14,    1007,      39
136662379,     -11,    1007,      38
136701962,     -13,    1007,      42
136741546,     -13,    1006,      43
136781129,     -13,    1007,      43
136820712,     -13,    1006,      39
136860296,     -13,    1007,      39
136899879,     -13,    1007,      43
136939462,     -13,    1007,      42
136979046,     -13,    1007,      39
137018629,     -13,    1006,      40
137058212,     -14,    1007,      41
137097796,     -13,    1007,      40
137137379,     -13,  