11479722971147977300,    -35,   1015,     18,   1330,   -770,    350
1147982301,    -23,   1016,    -10,   1820,  -1120,    280
1147987302,    -15,   1016,     -7,   1330,   -910,    350
1147992303,    -25,   1019,    -10,   1190,   -840,    -70
1147997305,    -36,   1016,    -10,    980,   -630,      0
1148002306,    -33,   1016,      0,   1050,  -1190,    560
1148007308,    -26,   1020,     -4,    980,   -840,    280
1148012310,    -30,   1018,    -62,    700,   -840,    210
1148017311,    -27,   1015,     -1,    910,   -980,    350
1148022312,    -29,   1016,     -3,    280,   -560,    350
1148027313,    -24,   1019,      0,    630,   -700,    210
1148032315,    -25,   1016,      0,    280,   -350,    280
1148037316,    -27,   1016,      0,    280,   -210,    280
1148042319,    -18,   1016,     -1,    350,   -490,    140
1148047321,    -20,   1019,     -4,    210,   -210,    280
1148052322,    -29,   1018,     -1,    280,      0,      0
1148057323,    -27,   1012,     -3,    210,   -350,    140
1148062325,    -30,   1014,     -1,    -70,    -70,   -210
1148067326,    -33,   1018,     -1,   -140,      0,   -140
1148072328,    -34,   1011,     -1,    280,    -70,    140
1148077329,    -35,   1017,     -3,    420,   -140,      0
1148082331,    -24,   1017,      0,    280,   -490,    -70
1148087332,    -30,   1017,      0,    210,   -560,      0
1148092333,    -31,   1012,      1,    140,   -560,    280
1148097335,    -30,   1016,      0,    280,   -840,    140
1148102337,    -27,   1016,      0,     70,   -490,    210
1148107340,    -30,   1016,     -2,    -70,   -280,      0
1148112342,    -25,   1017,      1,    -70,   -560,    210
1148117345,    -30,   1016,      0,      0,   -630,    -70
1148122347,    -30,   1016,      0,    140,   -840,     70
1148127349,    -28,   1015,      0,     70,   -490, -17920
1148132350,    -30,   1016,     -1,      0,   -490,    280
1148137353,    -33,   1015,     -1,      0,   -630,    280
1148142356,    -28,   1017,      0,     70,   -980,    210
1148147359,    -31,   1016,      0,   -210,   -840,    280
1148152362,    -28,   1013,      1,    -70,   -700,    280
1148157365,    -30,   1014,      2,   -280,   -770,    280
1148162366,    -29,   1016,      1,    140,   -700,    280
1148167369,    -27,   1014,      1,  17780,   -560,    210
1148172371,    -29,   1017,      0,    280,   -560,    -70
1148177372,    -33,   1017,      2,    140,   -630,     70
1148182374,    -31,   1015,      2,      0,   -630,    210
1148187377,    -29,   1017,     -4,    140,   -630,    280
1148192378,    -26,   1016,     -1,    280,   -490,     70
1148197380,    -28,   1017,     -1,    280,   -280,      0
1148202382,    -27,   1015,     -3,     70,   -420,      0
1148207384,    -31,   1016,      0,      0,   -280,     70
1148212385,    -33,   1013,      0,    280,   -630,    280
1148217386,    -26,   1018,     -1,    210,   -490,   -140
1148222388,    -30,   1014,      1,    210,   -560,    140
1148227391,    -31,   1014,      4,    420,   -560,   -140
1148232393,    -31,   1017,      0,    210,   -630,      0
1148237395,    -31,   1017,      0,    280,   -350,    140
1148242396,    -29,   1016,      1,    420,   -490,    140
1148247398,    -29,   1014,     -1,    350,   -490,      0
1148252399,    -26,   1015,     -2,    280,   -490,    140
1148257400,    -31,   1016,      0,    140,   -490,      0
1148262401,    -31,   1017,     -1,     70,   -700,    140
1148267403,    -32,   1015,     -1,    140,   -700,     70
1148272405,    -28,   1015,     -4,    420,   -560,    280
1148277407,    -27,   1016,     -4,    280,   -700,    140
1148282408,    -24,   1015,     -3,     70,   -840,    420
1148287410,    -24,   1017,     -5,    140,   -560,     70
1148292412,    -29,   1018,     -3,    210,   -560,     70
1148297414,    -28,   1017,     -3,    -70,   -630,    140
1148302415,    -29,   1016,     -2,      0,   -350,    -70
1148307416,    -25,   1016,     -1,    140,   -490,    140
1148312417,    -26,   1018,     -3,   -140,   -630,   -140
1148317419,    -26,   1018,     -4,   -350,   -560,   -280
1148322421,    -24,   1016,     -2,   -210,   -420,   -210
1148327422,    -32,   1017,      0,   -490,   -420,   -140
1148332424,    -32,   1017,     -3,   -420,   -210,   -280
1148337427,    -29,   1017,      0,   -350,   -630,   -350
1148342430,    -30,   1016,      0,   -770,   -210,   -350
1148347432,    -33,   1015,      1,   -560,   -490,   -140
1148352434,    -29,   1016,      0,   -210,   -210,   -210
1148357435,    -32,   1012,      0,   -630,   -490,   -280
1148362438,    -30,   1014,      1,   -280,   -560,    -70
1148367441,    -30,   1015,      1,   -140,   -560,   -210
1148372442,    -29,   1012,      1,   -210,   -630,    -70
1148377444,    -28,   1015,      2,      0,   -420,      0
1148382445,    -30,   1015,      1,    -70,   -700,   -210
1148387447,    -30,   1015,      0,    140,   -770,    140
1148392448,    -27,   1015,      0,   -140,   -350,    140
1148397449,    -25,   1013,      0,     70,   -560,    140
1148402451,    -30,   1016,      0,    140,   -560,    -70
1148407452,    -32,   1014,      1,      0,   -700,    140
1148412453,    -33,   1016,      2,     70,   -630,      0
1148417454,    -28,   1012,      1,    140,   -630,    140
1148422456,    -28,   1012,      0,    280,   -560,    -70
1148427458,    -29,   1015,      1,    420,   -700,      0
1148432459,    -32,   1016,      1,    490,   -770,      0
1148437461,    -32,   1011,      0,    210,   -560,     70
1148442462,    -32,   1012,      1,    350,   -770,    280
1148447465,    -32,   1017,      1,    490,   -560,    560
1148452466,    -27,   1016,      2,    210,   -560,    350
1148457467,    -27,   1017,      0,    420,   -560,    280
1148462470,    -28,   1021,     -1,    560,   -490,    280
1148467472,    -33,   1019,      5,    350,   -490,    490
1148472474,    -33,   1014,      1,    350,   -210,    420
1148477475,    -31,   1012,      4,    210,   -630,    490
1148482476,    -27,   1017,      0,    350,   -700,     70
1148487477,    -30,   1019,     -1,    280,   -490,    -70
1148492478,    -31,   1015,      0,    490,   -700,    210
1148497479,    -33,   1013,      0,    770,  -1260,     70
1148502481,    -23,   1020,     -3,    700,   -700,    280
1148507483,    -23,   1014,      1,     70,   -420,    210
1148512485,    -30,   1016,      0,    490,   -770,      0
1148517486,    -21,   1015,     -1,    490,   -700,    140
1148522488,    -26,   1014,      0,    490,   -560,     70
1148527489,    -29,   1017,     -2,    210,   -490,    140
1148532492,    -33,   1016,      0,      0,   -140,      0
1148537495,    -29,   1017,     -3,    140,   -420,    280
1148542497,    -31,   1017,     -3,    140,   -770,    210
1148547498,    -30,   1018,     -2,    140,   -560,     70
1148552500,    -29,   1016,     -5,    280,   -630,     70
1148557502,    -28,   1019,     -3,    140,   -630,    140
1148562503,    -30,   1018,     -6,    140,   -770,   -140
1148567505,    -28,   1017,     -5,   -210,   -840,     70
1148572506,    -30,   1016,     -4,   -420,   -840,   -210
1148577507,    -20,   1016,     -4,   -210,   -980,      0
1148582509,    -30,   1017,      0,   -210,   -980,      0
1148587510,    -29,   1015,      3,   -350,   -630,   -140
1148592513,    -30,   1014,      5,   -700,   -840,   -140
1148597515,    -30,   1014,      4,   -490,   -560,   -140
1148602517,    -29,   1013,      5,   -140,   -700,      0
1148607518,    -30,   1014,      8,    -70,   -560,   -140
1148612520,    -32,   1014,      5,   -420,   -420,    140
1148617521,    -24,   1016,      0,    -70,   -490,    -70
1148622522,    -27,   1016,      0,   -280,   -490,   -280
1148627523,    -28,   1015,     61,     70,   -350,   -210
1148632526,    -29,   1019,      0,    140,   -490,    140
1148637528,    -30,   1018,     -5,   -140,   -770,   -140
1148642530,    -30,   1018,      0,      0,   -560,   -210
1148647531,    -27,   1015,      0,    -70,   -280,   -350
1148652532,    -34,   1014,      0,   -350,   -700,   -350
1148657533,    -34,   1014,      1,   -350,   -910,   -280
1148662535,    -36,   1013,      2,    140,   -910,  17850
1148667537,    -32,   1015,      1,    140,   -910,     70
1148672540,    -34,   1014,      1,      0,   -630,      0
1148677541,    -34,   1016,      2,      0,   -840,     70
1148682544,    -28,   1017,      0,    350,   -630,    140
1148687546,    -25,   1017,      1,     70,   -700,    -70
1148692549,    -24,   1012,      1,    210,   -840,      0
1148697551,    -27,   1015,      1,    280,   -840,      0
1148702552,    -29,   1017,      1,    350,   -490,    140
1148707554,    -30,   1015,      1,    350,   -420,    210
1148712556,    -31,   1016,      1,    560,   -630,   -140
1148717558,    -26,   1015,     -2,    140,   -840,   -280
1148722561,    -28,   1018,      0,      0,   -630,   -140
1148727562,    -30,   1012,      4,     70,   -560,     70
1148732563,    -30,   1017,      1,    140,   -560,    -70
1148737564,    -28,   1016,     -4,    140,   -630,      0
1148742565,    -30,   1015,      0,   -420,   -280,    350
1148747567,    -30,   1014,      2,   -210,   -210,      0
1148752569,    -28,   1014,      1,    140,   -140,   -210
1148757570,    -29,   1019,      0,   -280,   -350,    210
1148762572,    -27,   1016,      0,   -280,   -490,    210
1148767575,    -29,   1017,      0,   -210,   -280,   -210
1148772576,    -30,   1013,      2,   -140,   -350,   -210
1148777578,    -30,   1016,      2,   -210,   -280,     70
1148782580,    -31,   1015,      0,    210,   -280,    140
1148787582,    -30,   1014,      2,      0,   -560,    140
1148792583,    -33,   1015,      0,     70,   -490,    140
1148797585,    -30,   1016,      0,    210,   -770,   -210
1148802587,    -31,   1016,     -2,     70,   -420,      0
1148807589,    -26,   1013,      1,   -210,   -280,     70
1148812592,    -30,   1015,     -1,      0,   -490,    210
1148817594,    -31,   1016,     -1,    -70,   -630,      0
1148822595,    -27,   1017,      0,   -140,   -490,    140
1148827597,    -27,   1018,      0,      0,   -630,    -70
1148832598,    -28,   1018,      2,    -70,   -840,      0
1148837600,    -30,   1016,      1,      0,   -770,     70
1148842601,    -26,   1013,      5,    -70,   -560,      0
1148847602,    -28,   1015,      1,    420,   -630,   -140
1148852604,    -29,   1015,      0,      0,   -420,      0
1148857605,    -35,   1016,      0,    -70,   -700,    210
1148862606,    -31,   1014,      0,      0,   -560,   -140
1148867607,    -31,   1015,      2,      0,   -770,     70
1148872610,    -28,   1016,      1,    -70,   -840,    280
1148877613,    -26,   1016,      5,    -70,   -420,    280
1148882614,    -30,   1012,     12,    350,   -560,    210
1148887616,    -22,   1016,      4,    630,   -630,    140
1148892618,    -36,   1015,      2,      0,   -350,    280
1148897619,    -36,   1011,      1,    210,   -700,    280
1148902620,    -38,   1015,    -13,    210,   -910,    560
1148907622,    -27,   1024,      6,    350,   -910,    490
1148912623,    -18,   1018,     -2,    350,   -980,    490
1148917624,    -26,   1017,     -1,    490,   -980,    490
1148922625,    -25,   1014,      0,    420,   -840,    280
1148927626,    -34,   1014,      0,    350,   -770,    350
1148932629,    -33,   1012,     11,    560,   -770,     70
1148937630,    -22,   1018,      3,    560,   -770,    280
1148942631,    -29,   1014,      0,    420,   -700,    350
1148947633,    -32,   1014,      1,    490,   -490,    140
1148952634,    -39,   1015,      2,    490,   -700,    630
1148957635,    -32,   1012,      7,    560,   -420,    630
1148962636,    -32,   1013,      2,    630,   -560,    490
1148967638,    -33,   1014,      4,    840,   -140,    490
1148972639,    -33,   1014,      0,    700,   -770,    840
1148977641,    -31,   1014,      4,    840,   -490,    630
1148982644,    -30,   1012,      1,    840,   -630,    700
1148987645,    -39,   1012,      6,   1190,   -420,    630
1148992648,    -42,   1010,      1,   1260,   -910,    910
1148997649,    -35,   1014,      6,   1470,   -980,    980
1149002652,    -41,   1014,      3,   1330,  -1190,   1120
1149007653,    -36,   1010,      2,   1330,  -1050,   1120
1149012656,    -39,   1015,      0,   1680,  -1470,   1400
1149017658,    -31,   1018,     -2,   1610,  -1680,   1400
1149022660,    -23,   1014,      0,   1610,  -1610,   1540
1149027662,    -31,   1026,    -52,   1330,  -1610,    700
1149032664,    -83,   1005,     61,    630,  -4340,      0
1149037666,     -6,   1055,    -52,   1190,  -3710,    770
1149042668,    -38,   1006,     -3,    350,  -3500,    490
1149047669,    -36,   1019,    -10,    840,  -4410,    140
1149052670,    -44,   1023,    -27,    350,  -4200,    350
1149057671,    -75,   1017,     -7,     70,  -4410,      0
1149062673,    -69,   1016,    -19,      0,  -4340,     70
1149067675,    -56,   1015,    -19,    -70,  -4200,     70
1149072676,    -69,   1018,     -5,   -420,  -4200,    140
1149077677,    -38,   1009,    -11,   -140,  -4620,   -560
1149082679,    -52,   1020,    -16,    140,  -4690,  -1680
1149087682,    -50,   1019,    -18,      0,  -4270,  -1330
1149092684,    -52,   1022,    -39,   -420,  -5600,  -1120
1149097687,   -102,   1024,    -35,   -350,  -5180,   -420
1149102689,    -75,   1013,      0,   -630,  -3780,   -140
1149107690,    -74,   1001,    -14,   -700,  -3500,   -630
1149112692,    -90,   1034,    -24,  17850,  -2730,   -280
1149117693,    -75,   1011,     -6,   -770,  -2030,     70
1149122696,    -80,   1024,     14,   -910,  -1470,    140
1149127698,    -90,   1018,      4,   -770,  -1540,    980
1149132699,    -60,    996,    -14,   -770,  -1260,      0
1149137702,    -82,   1030,      3,      0,   -700,    210
1149142705,    -61,    947,      1,   -700,   -350,   -140
1149147706,   -118,   1020,    -35,   -840,    630,    420
1149152709,    -45,    999,     69,   -560,    700,     70
1149157711,   -125,    982,     15,   2800,   -560,    140
1149162713,    -58,   1055,   -110,   3220,    -70,     70
1149167715,    -71,   1045,    -12,   -350,   2940,    280
1149172717,    -71,   1006,     27,   -350,   2100,   1330
1149177718,    -82,   1048,    -53,    980,   1680,   -560
1149182720,    -67,   1018,    -33,   -210,   2240,    350
1149187723,    -95,    992,    -29,    210,   1890,   -350
1149192726,    -82,   1040,    -27,   -140,   1400,    350
1149197728,    -90,   1035,    -57,      0,   1610,    350
1149202731,    -61,    992,     15,   -840,    980,    -70
1149207733,   -157,   1055,    -22,    -70,    840,   -210
1149212734,    -80,   1011,      1,   -980,    770,    210
1149217736,   -101,   1023,     -3,   -700,    700,    840
1149222739,    -82,   1003,    -29,    -70,   -140,    910
1149227742,   -158,   1017,     -8,   -630,    140,   2240
1149232744,    -97,   1056,    -51,      0,   -700,   3990
1149237747,    -86,    961,      4,  -1120,     70,    980
1149242750,   -109,   1023,    -46,   -350,    700,   -140
1149247753,   -141,    988,      5,  -1050,   1260,   -140
1149252754,   -137,   1000,    -37,   -420,    770,      0
1149257757,   -154,   1021,    -62,   -490,    560,     70
1149262758,   -116,   1002,    -18,    -70,     70,    490
1149267759,   -154,    948,     15,    -70,      0,    -70
1149272762,   -154,   1031,    -62,    350,   -980,    420
1149277765,   -138,   1010,     10,   -350,   -420,    490
1149282768,   -114,    999,     34,   -630,   -980,    490
1149287769,   -165,   1036,    -10,    980,   -910,    560
1149292771,   -146,   1002,      1,      0,   -770,    770
1149297772,   -134,   1014,    -34,    700,  -1400,    490
1149302773,   -131,    974,     42,    140,  -1120,    280
1149307774,   -132,   1043,    -58,    350,   -910,    910
1149312775,   -114,    986,     25,    280,   -910,    280
1149317777,   -169,   1043,    -17,    700,  -1400,    420
1149322778,   -126,   1061,    -10,   -350,  -1120,    980
1149327780,   -129,   1044,     47,    420,  -2380,    490
1149332782,    -72,   1008,     -1,   1120,  -3150,    840
1149337783,   -142,   1023,    -16,    910,  -3640,     70
1149342785,    -83,    956,    -91,   -420,  -4550,      0
1149347788,   -178,   1147,     17,   1260,  -4970,    140
1149352790,    -66,   1108,    -51,   1190,  -6090,   1050
1149357792,   -116,   1037,    -12,    490,  -5880,    140
1149362794,   -140,    930,    -43,   -770,  -6370,    140
1149367796,   -130,   1012,    -97,    350,  -6720,    -70
1149372799,   -100,   1005,      7,    560,  -7280,    140
1149377802,   -123,   1031,    -32,    420,  -7350,    210
1149382805,    -99,   1067,     76,      0,  -6790,   -140
1149387806,   -157,    993,    -14,   -630,  -7000,    420
1149392808,   -125,   1010,    -57,   -350,  -6790,    -70
1149397809,    -99,   1032,     13,    -70,  -6720,    420
1149402811,    -80,   1003,    -11,   -280,  -7140,    420
1149407812,   -106,   1003,    -71,    490,  -7490,    980
1149412814,   -103,    983,      0,    560,  -7770,    700
1149417817,    -68,   1069,     -1,    700,  -7980,    490
1149422819,   -124,   1017,    -20,   1820,  -8330,    910
1149427821,    -92,   1011,     -5,    630,  -7980,    700
1149432823,    -99,    997,     -9,    840,  -8470,    560
1149437825,   -148,    974,     73,    350,  -7420,    560
1149442826,    -93,   1025,    -38,    630,  -7490,    350
1149447827,    -81,   1063,    -49,    -70,  -7210,    980
1149452829,   -178,   1064,     43,   -420,  -6370,   3640
1149457831,   -138,   1080,     18,   1750,  -7560,  10850
1149462833,     -3,    905,     36,   1120,  -7280,   4970
1149467835,   -111,   1051,     34,   2660,  -5880,   2310
1149472836,   -115,   1019,     55,    490,  -4550,   2940
1149477838,    -54,    985,    110,   1400,  -5040,   2660
1149482841,   -123,   1052,    -49,   2450,  -5250,   2660
1149487843,    -89,   1018,     10,   1890,  -5040,   2870
1149492846,   -100,    988,     11,   1610,  -5320,   2240
1149497848,   -102,    991,    -12,   2170,  -6510,   1960
1149502851,    -86,   1039,    -34,   2660,  -7280,   1890
1149507853,   -109,   1029,    -47,   2170,  -7770,   1540
1149512854,   -116,   1060,    -87,   -980,  -7350,   1820
1149517855,    -65,    984,     24,    -70,  -7490,   1750
1149522856,    -70,    998,     -3,    980,  -8400,   1190
1149527857,   -110,   1020,     -5,    770,  -8260,   1260
1149532859,    -40,   1020,     25,    280,  -7840,   1260
1149537860,     -8,   1003,     37,    770,  -7280,   1120
1149542862,    -59,   1038,    -12,   1890,  -7140,   1400
1149547865,   -119,   1002,    -43,    140,  -5390,   1190
1149552867,    -37,   1022,    -14,    420,  -4690,    630
1149557868,    -70,   1002,      6,    700,  -3850,    490
1149562870,    -78,   1000,    -23,    420,  -3150,   -280
1149567871,    -40,    998,    -21,    350,  -2800,    140
1149572872,      2,    983,     41,    490,  -3220,     70
1149577874,    -60,   1050,    -48,   1050,  -3710,    140
1149582875,    -32,    968,     -5,   -840,  -3850,    -70
1149587877,    -64,   1001,    -16,     70,  -3710,      0
1149592880,    -32,    986,     15,     70,  -3360,    -70
1149597883,    -50,   1034,     27,    140,  -3290,    700
1149602885,     12,    999,     69,    560,  -3780,    210
1149607887,    -84,   1070,      8,    490,  -3500,   1120
1149612888,    -18,   1025,     15,    490,  -3150,    980
1149617889,     -4,   1041,    -49,    280,  -3220,   1400
1149622892,      5,   1044,     -2,   -630,  -1960,    350
1149627894,    -47,   1011,     65,    350,  -1260,    210
1149632896,    -77,   1062,     -4,    910,   -980,      0
1149637897,    -43,    973,     36,   1400,    700,   -140
1149642898,   -147,   1035,      6,   1190,   1330,    140
1149647899,    -98,   1041,      1,    840,   3150,   -140
1149652901,   -116,   1000,     34,    630,   3850,   -140
1149657903,     -8,    946,    -79,    840,   5110,    490
1149662905,     38,   1002,   -113,   1470,   6160,    560
1149667906,    -21,   1012,      2,   1680,   6580,    210
1149672909,      0,   1067,    -16,    350,   7980,   1330
1149677910,     -6,    997,    -12,    700,   7840,    910
1149682913,     -3,   1028,     91,    840,   8540,   1050
1149687914,     -5,    996,    -18,    280,   8400,    980
1149692915,     18,   1012,    -16,    420,   8400,    490
1149697917,     69,   1022,    -49,    280,   8610,    140
1149702919,     40,   1001,     53,      0,   8330,    420
1149707922,      3,   1027,      1,   -350,   8610,   -140
1149712924,     93,   1069,    -73,   -350,   8330,     70
1149717926,      2,   1039,    110,   -210,   8890,    210
1149722929,     -2,   1016,    -14,   -490,   8890,   -840
1149727931,     16,    985,     28,   -630,   8610,   -490
1149732933,    -51,    981,     61,   -560,   8470,   -140
1149737934,     -6,   1024,    117,   -490,   7980,    560
1149742937,     -2,   1037,    -62,   -140,   7910,    140
1149747938,    -47,    968,     65,    630,   7560,    210
1149752940,     -6,   1063,     -8,      0,   7700,    700
1149757942,    -51,   1028,      1,    140,   7560,    -70
1149762945,    -41,   1010,     58,    -70,   7770,   -140
1149767947,    -18,   1016,    -43,    -70,   7840,   -420
1149772948,     11,   1034,     14,    210,   7700,   -210
1149777949,     19,   1022,      9,   -770,   7910,   -210
1149782950,    -98,   1002,     62,  -1610,   6860,      0
1149787951,    -26,   1064,     -7,  -2450,   6160,    910
1149792952,    -45,   1007,     24,   -770,   4620,    770
1149797954,    -36,    989,     65,   -630,   1330,   1190
1149802957,     39,   1033,     31,   -280,    -70,   1120
1149807960,     63,   1029,    130,   -560,  -1260,    420
1149812962,     23,   1025,     -6,   -840,  -1610,    630
1149817965,     37,   1024,    -29,      0,  -2100,    280
1149822967,      0,   1013,     53,   -770,  -1540,    140
1149827969,    106,   1035,    -79,   -280,  -1190,   -700
1149832970,     19,   1049,    -19,      0,   -490,    210
1149837972,     93,    958,     16,  -1610,    350,     70
1149842974,     15,    982,      7,   -140,    490,   -140
1149847976,     18,   1032,    -47,    770,    560,    910
1149852979,     38,    984,    -47,     70,   1610,   1400
1149857980,     42,   1003,     33,     70,   2660,   1470
1149862981,     17,   1001,     91,    910,   3080,   1820
1149867984,    117,    998,     26,   1610,   2730,   5600
1149872985,     25,   1013,     33,    420,   3920,   2660
1149877986,      2,   1008,     94,    700,   5530,   3010
1149882987,     83,   1010,    -39,    490,   5600,    420
1149887989,     -7,   1030,    -72,   1050,   6300,    770
1149892990,     62,   1009,    -21,    140,   6860,    630
1149897992,     28,   1061,    -59,    770,   7980,    560
1149902995,     16,   1004,    -79,   -700,   8750,    700
1149907997,     33,   1038,   -127,    140,   9520,    280
1149912998,    -63,    999,     11,    140,  10360,    770
1149918001,    -37,   1009,    -82,   -420,  11270,    140
1149923004,     41,   1076,    -44,   -840,  12110,      0
1149928006,    -20,    962,     30,   -770,  12180,    280
1149933009,    -23,    968,     72,    140,  12460,    210
1149938012,     36,   1000,     14,   1050,  11830,    140
1149943015,    -47,    996,    -19,    910,  12600,    770
1149948016,     39,    988,    -23,    770,  12460,   1050
1149953018,     82,    969,     -9,    770,  13020,    840
1149958019,    -17,   1027,    -54,    910,  14000,    630
1149963020,     72,   1017,     20,    840,  14000,   1050
1149968023,     48,   1064,     69,   2240,  13510,    700
1149973025,     62,   1020,     86,   1400,  13300,    980
1149978027,     69,   1016,     45,   1400,  12530,    700
1149983028,    108,    978,     81,   1540,  11830,    840
1149988030,     64,   1064,     58,   2380,  11550,   1120
1149993031,    129,    987,     -8,   2870,  10780,   1540
1149998032,    164,   1047,     37,   2730,  10430,    560
1150003034,    153,   1032,     84,   2520,   9590,   1050
1150008035,    154,   1014,     57,   1260,   9660,    770
1150013038,    122,   1010,     62,    770,   9240,    560
1150018040,    140,   1019,     26,   1890,   8400,    350
1150023043,    198,   1000,    101,    770,   8330,    -70
1150028044,    195,   1044,    -11,    630,   7350,    210
1150033047,    200,   1015,     44,   -210,   7350,      0
1150038048,    191,    968,     39,    280,   6930,   -420
1150043050,    151,   1012,     20,    420,   6860,    140
1150048051,    288,   1014,    -20,    420,   6580,   -350
1150053052,    192,   1015,      0,    210,   6370,   -420
1150058055,    171,   1087,     25,    350,   5880,    350
1150063057,    165,   1003,      4,  -1050,   5740,   -350
1150068058,    241,   1039,    -37,    350,   5040,   -630
1150073060,    203,   1012,     63,  -1120,   5040,   -210
1150078062,    177,   1029,      3,   -280,   3850,   -280
1150083064,    160,   1004,      5,    420,   2940,   -350
1150088067,    122,   1104,    -37,   -140,   2870,   -420
1150093069,    141,    957,     17,  -1610,   2100,   -420
1150098070,     62,   1036,      0,      0,    770,  17080
1150103071,    100,   1009,      6,   -280,    140,   -140
1150108073,     68,   1030,     33,   -910,    280,   -350
1150113074,     93,   1006,      4,   -350,   -700,      0
1150118077,     92,   1026,    -24,    140,  -1680,     70
1150123080,     42,   1007,    -17,   -630,  -1190,   -140
1150128082,     44,   1038,    -32,   -560,  -1610,    280
1150133084,     71,    991,    -34,   -700,  -1750,   -280
1150138085,     67,   1023,    -49,   -560,   -980,   -140
1150143088,     82,   1005,    -31,   -560,   -840,    210
1150148089,    110,   1026,    -23,   -490,   -630,    140
1150153092,     61,   1012,    -15,   -770,    140,   -280
1150158093,     94,   1013,    -24,   -420,    280,    -70
1150163096,     71,   1011,    -29,   -770,    280,   -350
1150168097,     90,   1015,      0,   -840,   -140,   -280
1150173099,     55,   1017,     -1,   -770,   -840,    -70
1150178101,     64,   1011,     10,   -630,  -1050,   -350
1150183104,     13,   1013,      0,   -420,   -490,   -840
1150188105,     -9,   1030,    -15,   -350,   -280,  -1050
1150193107,    -17,   1013,      0,  -1050,      0,  -1330
1150198109,    -18,   1014,      5,   -700,   -140,  -1330
1150203111,     -9,   1009,     14,   -140,   -140,  -1050
1150208113,    -35,   1008,     21,   -140,    280,  -1190
1150213116,    -42,   1011,     11,    280,      0,   -700
1150218118,    -42,   1006,     14,    280,    -70,   -210
1150223121,    -35,   1013,      1,    910,    -70,  17780
1150228122,    -23,   1013,      0,   1190,   -350,   -210
1150233123,    -21,   1016,     -7,    840,   -210,    140
1150238124,    -25,   1025,     -8,    630,   -420,    280
1150243125,     -6,   1026,    -14,     70,      0,    210
1150248127,    -22,   1018,     -3,     70,      0,   -140
1150253128,    -24,   1017,    -11,     70,     70,    -70
1150258130,    -24,   1016,     -1,     70,   -140,    140
1150263131,    -26,   1017,      4,    210,   -560,     70
1150268133,    -19,   1015,      1,    -70,   -630,      0
1150273135,    -23,   1011,      5,    350,   -770,    420
1150278138,    -28,   1014,      3,    560,   -560,    420
1150283140,    -17,   1014,      9,    490,   -630,    560
1150288142,    -18,   1015,      5,    700,   -840,    490
1150293144,    -18,   1012,     -2,    630,   -490,    350
1150298146,    -19,   1016,      1,    980,    -70,    420
1150303148,    -13,   1015,      0,    980,   -560,    630
1150308149,    -13,   1017,      0,    840,   -140,    280
1150313150,    -20,   1017,      0,    910,    280,    350
1150318151,    -19,   1013,      5,   1050,    -70,    350
1150323154,    -18,   1015,     -2,    980,    280,    210
1150328155,    -17,   1016,      1,   1120,    210,    140
1150333156,    -13,   1016,      6,   1260,    280,    140
1150338158,    -12,   1017,      0,   1330,    210,    280
1150343161,     -5,   1019,     -1,   1540,    910,     70
1150348162,    -14,   1018,     -8,   1050,    700,    140
1150353163,    -13,   1021,      0,    770,    770,      0
1150358164,    -19,   1016,     -1,    840,    980,   -210
1150363167,    -12,   1021,     -9,    630,    980,   -420
1150368169,    -14,   1019,     -8,    350,   1120,   -350
1150373170,    -16,   1018,      0,    280,   1120,   -350
1150378172,    -20,   1017,     -2,      0,    770,   -490
1150383174,    -21,   1018,    -14,    210,    980,   -420
1150388175,    -24,   1016,    -14,    140,    910,   -560
1150393176,    -25,   1013,     -9,   -560,    630,   -560
1150398177,    -23,   1020,    -13,   -350,    700,   -210
1150403179,    -28,   1013,     -2,    -70,    420,   -280
1150408181,    -28,   1011,      8,      0,    210,   -280
1150413183,    -30,   1012,      7,      0,   -490,   -280
1150418184,    -28,   1014,      4,    210,   -630,    140
1150423185,    -27,   1014,      2,    420,   -840,     70
1150428186,    -27,   1015,      0,    490,   -630,      0
1150433187,    -21,   1015,     -6,    910,  -1050,     70
1150438190,    -18,   1016,     -8,    280,   -910,    210
1150443192,    -20,   1016,    -10,    630,  -1260,    280
1150448194,    -19,   1016,     -7,    420,  -1120,    350
1150453195,    -20,   1018,     -2,    630,  -1120,    350
1150458196,    -15,   1016,      0,    560,  -1050,    420
1150463197,    -13,   1016,     -4,    350,   -980,    140
1150468200,    -14,   1016,     -7,    420,  -1120,     70
1150473202,    -18,   1013,     -6,    140,   -910,    140
1150478205,    -19,   1017,     -2,     70,   -980,     70
1150483207,    -19,   1016,     -3,    210,   -770,    -70
1150488209,    -18,   1018,     -9,      0,   -700,     70
1150493210,    -15,   1016,     -8,     70,   -770,    210
1150498212,    -19,   1019,     -8,   -280,   -630,    -70
1150503214,    -20,   1012,     -3,   -490,   -630,   -210
1150508217,    -22,   1019,      0,   -910,   -980, -17920
1150513219,    -21,   1012,     10,   -700,   -560,   -140
1150518220,    -24,   1011,     13,   -210,   -770,   -280
1150523223,    -24,   1009,      5,   -210,   -840,      0
1150528225,    -20,   1015,      5,    210,   -840,    140
1150533226,    -15,   1012,      4,    -70,   -770,    280
1150538227,    -21,   1018,     -1,    280,   -770,    140
1150543228,    -18,   1012,     -7,    280,   -700,     70
1150548229,    -18,   1014,     -1,    210,   -700,    140
1150553231,    -23,   1016,     -1,    560,   -840,    140
1150558232,    -19,   1019,     -4,    210,   -700,    210
1150563235,    -16,   1014,     -4,    210,   -980,    280
1150568237,    -14,   1015,     -5,    210,   -770,   -140
1150573238,    -19,   1015,      0,    280,   -560,    140
1150578240,    -19,   1015,      1,    350,   -560,    280
1150583243,    -24,   1015,      2,    280,   -700,     70
1150588245,    -21,   1018,      0,    210,   -280,     70
1150593246,    -21,   1017,      0,    280,   -490,    350
1150598248,    -20,   1016,     -1,    490,   -490,    350
1150603249,    -26,   1014,     -3,    -70,   -420,      0
1150608251,    -24,   1014,      0,    280,   -910,    210
1150613253,    -25,   1017,      0,    210,  -1120,    280
1150618255,    -19,   1019,      1,    280,  -1260,    280
1150623258,    -18,   1012,      0,    280,  -1120,    350
1150628260,    -14,   1019,     -5,    560,  -1120,    280
1150633262,    -15,   1017,     -5,    140,   -980, -17920
1150638264,    -11,   1020,     -7,    280,   -630,      0
1150643267,    -14,   1017,     -7,   -140,   -280,      0
1150648270,    -18,   1015,      0,   -210,   -350,    140
1150653273,    -18,   1014,      1,    350,   -280,    140
1150658274,    -25,   1009,      6,    630,   -420,     70
1150663276,    -21,   1016,      3,    630,   -700,    210
1150668277,    -22,   1013,     -3,   1050,   -630,    350
1150673280,    -26,   1013,     -1,    910,   -840,    140
1150678281,    -24,   1016,     -2,    700,  -1260,    420
1150683282,    -27,   1016,     -8,    840,  -1260,    420
1150688284,    -12,   1021,    -11,    770,  -1190,    280
1150693285,    -15,   1018,     -5,    490,  -1120,    490
1150698286,    -16,   1019,     -8,    490,  -1050,    490
1150703289,    -20,   1018,     -5,    -70,   -980,    140
1150708292,    -13,   1017,      0,     70,   -630,     70
1150713294,    -13,   1013,      0,    140,   -700,   -350
1150718297,    -17,   1020,      0,     70,   -700,      0
1150723299,    -20,   1016,     -3,   -140,   -630,    140
1150728300,    -12,   1016,      2,   -280,   -280,   -210
1150733302,    -21,   1013,      0,   -210,   -560,     70
1150738304,    -21,   1017,      0,    140,   -280,     70
1150743305,    -20,   1016,     -1,   -140,   -350,     70
1150748308,    -20,   1013,      2,   -210,   -280,     70
1150753310,    -21,   1015,      0,    350,   -280,   -140
1150758312,    -23,   1016,      1,    420,   -210,    210
1150763313,    -24,   1017,      1,    630,   -280,     70
1150768315,    -22,   1015,      0,    560,   -490,     70
1150773316,    -20,   1013,      0,    630,   -630,    210
1150778318,    -14,   1020,     -7,    420,   -770,    280
1150783319,    -18,   1017,     -1,    350,   -280,    140
1150788322,    -20,   1015,     -2,    210,   -140,     70
1150793324,    -18,   1016,     -6,    210,   -280,   -210
1150798327,    -19,   1015,     -3,    210,   -700,   -210
1150803329,    -20,   1015,     -8,    490,   -560,      0
1150808331,    -23,   1016,     -3,    280,   -840,    420
1150813332,    -19,   1016,     -5,    490,   -700,      0
1150818335,    -19,   1020,     -5,    140,   -630,      0
1150823337,    -21,   1016,    -10,   -280,   -490,   -280
1150828340,    -18,   1010,      4,   -140,   -560,    490
1150833343,    -21,   1016,      1,    140,   -700,    140
1150838345,    -23,   1015,      5,    -70,   -980,    350
1150843346,    -27,   1012,      1,    350,   -910,    280
1150848348,    -21,   1015,      0,    350,  -1050,    210
1150853351,    -20,   1015,      0,    280,   -560,    140
1150858352,    -19,   1014,      1,    140,   -770,    350
1150863353,    -18,   1015,      0,    210,   -840,    140
1150868355,    -15,   1015,     -2,    210,   -700,    210
1150873356,    -18,   1016,      2,    280,   -770,    350
1150878359,    -24,   1013,     -1,    490,   -770,    350
1150883360,    -19,   1016,     -5,    420,   -420,    350
1150888362,    -14,   1016,      1,    140,   -420,    280
1150893364,    -16,   1014,      1,    280,    -70,    140
1150898365,    -16,   1016,     -4,    560, -17920,    210
1150903367,    -16,   1015,      0,      0,     70,    350
1150908369,    -14,   1016,     -6,    140,    140,    350
1150913372,    -13,   1020,     -9,    140,    280,      0
1150918374,    -19,   1017,      0,      0,      0,    210
1150923376,    -19,   1014,      0,     70,    210,    420
1150928378,    -18,   1016,     -2,     70,    140,    210
1150933379,    -20,   1015,     -5,    280,     70,      0
1150938380,    -17,   1017,      2,    350,     70,    280
1150943382,    -22,   1020,     -8,    140,    140,     70
1150948385,    -15,   1014,      1,    -70,    140,      0
1150953387,    -21,   1015,      2,      0,   -140,      0
1150958388,    -18,   1004,     -4,      0,   -280,   -280
1150963390,    -20,   1020,      0,    420,   -420,    210
1150968393,    -25,   1016,     -1,    140,   -280,     70
1150973396,    -17,   1014,      2,     70,   -350,    140
1150978399,    -19,   1016,     -1,    -70,   -350,   -140
1150983401,    -17,   1017,      0,    -70,   -490,    280
1150988403,    -20,   1011,      4,    280,   -280,    140
1150993404,    -22,   1016,      0,    280,   -420,    350
1150998407,    -19,   1017,     -7,    280,   -140,    280
1151003408,    -15,   1014,     -4,    -70,   -280,    350
1151008411,    -15,   1018,     -7,   -140,   -210,    -70
1151013414,    -13,   1013,      0,     70,    -70,      0
1151018417,    -19,   1016,      0,   -210,   -140,    210
1151023420,    -18,   1013,      0,      0,    -70,   -140
1151028422,    -16,   1017,      1,    140,     70,   -140
1151033425,    -14,   1015,      0,    350,   -280,   -210
1151038427,    -20,   1014,      2,    490,   -210,    -70
1151043428,    -17,   1016,     -1,    910,   -280,   -280
1151048429,    -18,   1019,     -8,    420,    -70,      0
1151053431,    -14,   1017,     -6,    140,     70,   -210
1151058433,    -13,   1013,      0,      0,     70,   -420
1151063436,    -16,   1017,     -2,      0,    140,   -280
1151068438,    -15,   1023,     -7,      0,    350,   -840
1151073441,    -14,   1017,     -6,   -140,    350,   -420
1151078443,    -12,   1019,      1,   -350,    280,   -560
1151083445,    -18,   1010,      0,   -350,    560,   -770
1151088446,    -13,   1020,     -4,   -140,    980,   -700
1151093448,    -15,   1014,      3,   -280,   1050,   -840
1151098449,     -3,   1016,     10,   -140,    910,   -840
1151103452,     -9,   1014,     10,     70,   1470,  -1190
1151108454,    -15,   1014,     -1,     70,   1540,   -980
1151113456,     19,    949,     74,    420,   1820,    910
1151118459,    -58,   1040,     -3,   2100,   4060,   -140
1151123462,     52,   1009,     14,   1750,   3570,   -280
1151128464,     38,   1005,    -11,   1960,   4410,    -70
1151133466,     54,   1020,    -25,   2520,   4200,   -420
1151138467,    117,   1002,      4,   1960,   4620,     70
1151143469,     54,    999,     21,   2590,   5390,   -630
1151148470,    144,   1133,   -124,  -3290,   7770,    560
1151153472,     78,    936,    134,  -8680,  13230,    280
1151158474,      5,    912,    100,   -420,   8120,   -140
1151163475,     98,    985,     13,   8330,   3080,    420
1151168480,    120,   1081,    -37,   7420,   3220,   -630
1151173482,    120,   1030,    -62,   3500,   5950,    280
1151178484,     83,   1061,    -50,  -1750,   8050,    490
1151183486,    122,    976,     51,  -2450,   8820,    -70
1151188488,     99,    972,     57,   1750,   6300,    210
1151193491,     36,   1011,     13,   3710,   4760,    420
1151198493,    173,   1037,     26,   4060,   4060,    140
1151203495,    112,   1041,    -22,    980,   5180,    210
1151208497,    123,   1052,      6,     70,   5530,    280
1151213500,    147,    996,     86,   -770,   4690,      0
1151218501,     88,   1021,     27,    700,   3360,    140
1151223504,    145,   1032,     46,    770,   2520,   -490
1151228505,    169,   1067,     58,      0,   2030,   -350
1151233506,    126,   1003,     -6,   -770,   1470,   -490
1151238509,    212,   1040,     13,  -1400,    700,   -560
1151243510,    162,   1034,     35,  -1400,    490,   -140
1151248513,    138,   1026,     -4,   -770,   -140,   -560
1151253516,    238,   1010,     48,  -1120,   -770,   -350
1151258517,    214,   1052,    -46,  -1820,   -630,  -1050
1151263518,    256,   1016,     60,  -2730,   -420,  -1050
1151268521,     79,   1019,    -30,  -2870,  -1330,  -1400
1151273523,    213,   1039,     -1,  -3570,   -280,  -1820
1151278524,    148,   1002,      2,  -3640,   -420,  -1540
1151283526,    241,   1009,     -1,  -3780,   -350,  -2030
1151288527,    200,    980,     -5,  -3990,    560,  -1960
1151293528,    288,    998,    -10,  -3290,   1120,  -1680
1151298531,    193,   1026,      0,  -2800,   1890,  -2310
1151303532,    228,    994,    -35,  -4200,   3570,  -2030
1151308534,    213,    993,    -65,  -3990,   5180,  -2240
1151313536,    145,    996,    -28,  -3290,   6510,  -1960
1151318539,    143,   1027,    -37,  -3220,   7560,  -2170
1151323541,    229,   1065,    -49,  -2940,   9030,  -2100
1151328543,    188,   1030,    -83,  -3500,  11200,  -2030
1151333545,    242,    980,    -26,  -3990,  13440,  -1960
1151338546,     82,   1059,    -64,  -2800,  14070,  -2380
1151343547,    173,    987,    -46,  -3640,  14910,  -1470
1151348549,    148,   1027,    -32,  -2730,  14560,  -1260
1151353550,    158,    999,    -43,  -3150,  14910,  -1260
1151358552,    141,    972,     18,  -1330,  13720,  -1330
1151363555,     26,    986,    -23,   2450,  11130,  -1470
1151368556,    145,   1088,    -29,  -2800,  12180,   -700
1151373559,    117,   1071,      3,  -6020,  14980,   -490
1151378561,    147,   1017,    -51,  -6090,  15050,  -1820
1151383563,    107,   1016,     49,  -4060,  14350,  -1680
1151388564,    108,    942,     94,  -1470,  11760,   -140
1151393567,    147,    999,    -16,   -770,  10850,    910
1151398570,    174,   1041,     27,    280,  10220,    420
1151403573,    113,    984,     72,   1960,   8540,   1050
1151408574,    103,   1016,     17,   2660,   8540,   2030
1151413577,    167,    989,     98,   1820,   8540,   1190
1151418579,     95,   1010,     22,   2030,   8680,   1470
1151423580,    152,    988,     31,   1960,   8330,   1260
1151428581,     90,   1067,      4,   2030,   8120,   1890
1151433582,    115,   1037,     63,   2310,   8050,   1680
1151438585,     89,    997,     -1,    700,   7210,   1680
1151443586,    128,   1005,     19,   1470,   6440,   1330
1151448587,    138,   1056,     38,    770,   4970,    560
1151453588,    190,   1092,     24,   -210,   3640,   -210
1151458590,    113,   1037,    -23,   -630,   2310,    280
1151463592,    116,   1018,    206,  -2660,   1400,    140
1151468595,     48,   1017,    105,  -2030,  -1120,   -700
1151473596,     41,   1013,     99,  -1330,  -3010,   -280
1151478599,     69,   1011,     39,   -770,  -5530,     70
1151483600,     88,    982,    141,    210,  -8820,      0
1151488601,     44,    996,    123,   1120, -10710,    840
1151493602,     31,   1009,     57,   1960, -13370,   1190
1151498604,     46,   1020,    129,   2730, -15260,   1050
1151503607,      6,   1028,     77,   3500, -17080,   1400
1151508608,     16,   1004,     28,   3290, -17640,   1470
1151513609,    142,    987,     86,   2520, -17920,    630
1151518610,     65,   1006,     31,   3150, -18480,   1680
1151523613,     54,   1026,     56,   2380, -18060,   1120
1151528616,    157,   1030,     37,   2450, -17850,   1120
1151533617,    120,   1017,     -1,   3010, -17780,     70
1151538618,    122,   1059,    -62,   2590, -17710,   -350
1151543619,     92,   1062,    -57,    280, -16450,   -630
1151548622,     74,   1024,    -24,   -210, -14840,   -840
1151553623,     91,   1034,     27,  -1610, -14070,   -560
1151558625,     84,   1021,     56,  -2310, -13650,  -1890
1151563628,     37,   1023,     17,  -2030, -13440,  -1960
1151568630,     19,   1038,    104,  -2100, -13790,  -1470
1151573631,     12,   1015,     69,  -2660, -13300,  -1820
1151578632,     -1,   1040,      0,  -2380, -12740,  -1750
1151583634,    -63,    980,    -75,  -2310, -12530,  -1050
1151588637,    -82,    984,      6,  -2170, -11970,   -210
1151593638,    -45,   1034,    -80,   -980, -11900,     70
1151598641,    -38,    999,    -68,    350, -10780,     70
1151603643,    -55,   1005,   -128,    -70,  -9100,      0
1151608645,   -133,    989,    -64,    350,  -6790,      0
1151613646,    -89,   1042,    -57,    140,  -5600,   -210
1151618647,   -126,   1082,    -79, -17710,  -3080,    210
1151623648,   -133,    988,    -56,  -1260,  -1120,    -70
1151628649,    -99,   1001,    -99,  -1190,    560,   -420
1151633650,   -153,   1015,    -98,  -1260,   2450,   -210
1151638651,   -117,   1014,    -35,  -1050,   2940,    560
1151643652,   -124,   1065,    -32,   -490,   4270,    -70
1151648653,   -153,   1032,    -72,   -630,   4270,   -980
1151653654,   -172,   1049,   -106,  -2030,   5460,   -420
1151658655,   -222,    982,    -19,  -2380,   6370, -17850
1151663658,   -182,   1024,   -139,  -1960,   6790,   -490
1151668660,   -193,   1047,   -173,  -1960,   7070,   -350
1151673661,   -198,    984,    -50,  -1890,   7070,    770
1151678662,   -235,   1004,    -42,  -1960,   7490,    140
1151683663,   -177,    979,     84,  -1890,   7910,    280
1151688665,   -220,   1009,   -108,  -1120,   7140,   -350
1151693666,   -247,   1021,     42,  -1540,   6790,  -1050
1151698669,   -249,   1016,    -18,  -2870,   7280,   -700
1151703670,   -327,   1016,     -8,  -2170,   6790,      0
1151708671,   -251,   1007,     53,  -1470,   5880,     70
1151713672,   -214,    991,     35,   -840,   5320,  -1190
1151718674,   -333,    962,    101,  -1190,   3920,    350
1151723677,   -298,    992,     39,    630,   2590,     70
1151728680,   -297,   1026,    -54,    770,   2240,    770
1151733681,   -343,   1023,     26,   2030,   1540,    490
1151738682,   -250,   1008,    -62,   1890,   1190,      0
1151743683,   -353,   1078,     47,   1470,   1540,   -210
1151748684,   -352,    997,    -35,    910,    910,      0
1151753685,   -336,   1018,     14,    770,    490,   -420
1151758688,   -386,   1007,    -88,   1190,    210,   -280
1151763690,   -320,   1039,     20,    700,      0,   -420
1151768692,   -323,   1021,    -35,    490,    350,    280
1151773693,   -245,   1037,     57,    840,   -490,   -420
1151778694,   -326,   1022,    -10,   1120,   -280,     70
1151783695,   -272,    973,    115,    630,   -560, -17360
1151788697,   -353,   1024,    -15,   1540,  -1610,    420
1151793700,   -339,    990,     34,   1610,  -1400,    210
1151798702,   -248,    994,     38,   1190,  -1050,   -560
1151803703,   -347,   1074,     16,   1890,  -1120,   -280
1151808705,   -207,   1024,    -31,    980,  -1260,   -210
1151813707,   -218,   1030,     41,    210,   -630,   -770
1151818708,   -265,   1023,    -78,    560,   -140,   -910
1151823709,   -286,   1015,     35,  17780,    630,    350
1151828710,   -249,   1012,    -44,    980,    630,   -210
1151833712,   -257,   1039,     -3,    910,   1190,    420
1151838713,   -187,    986,     81,    630,   1050,   -350
1151843714,   -312,   1012,     -6,   1190,    700,   -210
1151848717,   -243,    987,     22,    840,    770,    350
1151853720,   -222,   1060,    -18,   1400,    910,   -210
1151858721,   -197,   1012,    -69,   1610,    630,    630
1151863723,   -223,   1036,    -43,   1820,   1120,   -560
1151868724,   -158,   1000,     38,    770,    770,    490
1151873727,   -239,   1043,    -19,   1190,    700,    -70
1151878728,   -263,   1037,    -20,    770,    700,    -70
1151883731,   -205,   1025,    -61,   -280,    980,    210
1151888733,   -180,   1004,     -8,    -70,   1120,   -770
1151893734,   -256,   1045,    -29,   -140,   2030,   -420
1151898735,   -170,   1004,    -12,   -980,   2170,   -420
1151903737,   -183,   1031,    -22,   -910,   1960,   -350
1151908739,   -179,   1038,    -17,  -1260,   2310,   -490
1151913741,   -170,   1010,    -12,  -1890,   1400,    280
1151918742,   -141,   1028,    -12,  -2170,    350,    140
1151923744,   -143,   1007,      1,  -2870,  -1260,   1400
1151928746,    -65,   1011,     20,  -2730,  -1890,   2450
1151933747,    -59,   1011,      6,  -2450,  -2450,   2940
1151938748,   -115,   1026,      4,  -1750,  -4340,   2170
1151943749,    -72,    985,     -6,  -1260,  -6860,   1890
1151948751,    -71,   1009,      5,   -910,  -8890,   1610
1151953754,    -66,   1015,      7,   -910,  -9800,   1610
1151958757,     -2,   1002,     25,   -630, -10710,   1750
1151963760,    -19,   1024,     14,   -140, -10990,   1960
1151968761,    -27,   1012,     22,   -210, -10780,   1190
1151973764,    -12,   1006,     29,    280, -11200,   1120
1151978766,     -6,   1004,     22,    350, -11480,    700
1151983767,      4,   1004,     24,    630, -11200,    490
1151988769,      6,   1002,     21,    840, -10780,    420
1151993770,     16,   1015,     12,   1120,  -9660,    280
1151998772,      3,   1006,     16,   1260,  -8750,      0
1152003774,      8,   1013,     14,   1330,  -7840,   -140
1152008776,      0,   1010,     11,   1540,  -7280,   -280
1152013779,      3,   1006,      9,   1330,  -6930,   -630
1152018780,      0,   1011,      7,   1540,  -6580,   -490
1152023783,      4,   1017,      8,   1820,  -6160,   -280
1152028784,    -10,   1025,     -1,   1960,  -5530,   -490
1152033786,    -17,   1016,      7,   1540,  -5320,   -980
1152038787,    -20,   1018,      3,   1470,  -5250,   -770
1152043788,    -17,   1023,     -1,   1470,  -4830,   -350
1152048789,    -13,   1017,      0,   1470,  -4340,   -210
1152053792,    -25,   1016,      1,   1260,  -3920,   -140
1152058794,    -17,   1017,      3,   1540,  -3780,   -350
1152063797,    -25,   1019,      1,   1610,  -3640,      0
1152068799,    -30,   1015,      4,   1190,  -3290,    -70
1152073802,    -34,   1018,      3,   1400,  -3850,     70
1152078803,    -20,   1015,      0,   1260,  -3780,    140
1152083805,    -32,   1018,      2,   1190,  -3780,    420
1152088806,    -28,   1016,      2,   1540,  -4200,    420
1152093807,    -10,   1036,     -8,   1610,  -4270,    420
1152098809,    -19,   1016,    -13,   1050,  -4550,    210
1152103811,    -24,   1017,      3,    910,  -4830,    140
1152108813,    -22,   1018,      0,    980,  -4760,    420
1152113815,    -21,   1015,      2,    700,  -4970,    210
1152118817,     -1,   1024,      0,    910,  -4620,    280
1152123819,     -1,   1019,     -6,    280,  -4200,    140
1152128820,    -17,   1015,      0,    560,  -4130,    -70
1152133823,    -17,   1017,     -6,    210,  -3920,    -70
1152138824,     -9,   1019,      0,     70,  -3570,     70
1152143825,    -19,   1019,     -3,    210,  -3290,   -140
1152148827,    -20,   1021,     -5,    280,  -3360,   -140
1152153830,    -18,   1019,     -9,    -70,  -3220,    -70
1152158831,     -7,   1021,      0,   -280,  -3150,   -140
1152163833,    -16,   1016,     -3,   -630,  -3010,   -490
1152168834,    -21,   1015,      1,   -630,  -3150,   -490
1152173835,    -16,   1017,     -1,   -560,  -3290,   -630
1152178836,    -23,   1015,      2,   -700,  -3150,   -630
1152183839,    -24,   1017,      6,   -700,  -3220,   -840
1152188842,    -21,   1016,      1,   -560,  -3360,   -700
1152193845,    -19,   1018,      1,   -700,  -2870,   -560
1152198847,    -29,   1010,      5,   -630,  -2940,   -350
1152203850,    -34,   1013,     11,   -420,  -2870,   -140
1152208852,    -30,   1016,      2,   -140,  -3080,   -420
1152213854,    -21,   1018,      7,   -210,  -2800,   -280
1152218856,    -24,   1012,     13,   -490,  -2660,    140
1152223858,    -20,   1013,      5,    140,  -2660,    140
1152228860,    -23,   1015,      5,    280,  -2310,     70
1152233861,    -24,   1013,     12, -17920,  -2170,     70
1152238862,    -21,   1012,     20,    140,  -2310,    140
1152243864,     -9,   1019,      2,    210,  -1820,      0
1152248866,    -11,   1017,     12,    210,  -1330,   -210
1152253867,    -20,   1009,     14,    140,  -1120,   -350
1152258870,    -23,   1014,     10,    630,   -980,      0
1152263871,    -25,   1013,     10,    630,   -840,   -140
1152268873,    -24,   1012,     11,    980,   -700,   -210
1152273875,    -26,   1010,     11,    980,   -770,    -70
1152278876,    -14,   1016,     11,   1120,   -980,   -280
1152283878,     -7,   1016,     14,   1260,   -980,   -630
1152288879,     10,    999,     16,   1260,  -1820,  -1050
1152293882,     43,    996,      3,   1260,  -2030,  -2380
1152298884,     31,   1005,     10,   1190,  -1890,  -3710
1152303886,     66,    982,     -1,   1470,  -2520,  -3850
1152308887,     88,    960,    -14,   2310,  -3290,  -3570
1152313888,     75,   1016,    -14,   2310,  -4200,  -1610
1152318891,   -234,   1112,    -32,   3150,  -2870,  -2800
1152323893,    -60,   1020,     27,   1190,  -1610,   -630
1152328894,    -71,    997,     21,   1540,   -420,   -630
1152333896,     47,    985,     33,   1540,  -1540,    910
1152338899,     58,    976,      0,   1470,  -2660,   -350
1152343900,    -72,   1023,    -57,   2030,  -1610,  -3010
1152348903,     71,    972,      6,    980,  -1680,  -2870
1152353904,    -99,   1003,      0,   1750,  -1960,  -3990
1152358906,   -142,   1101,     -6,   1750,  -1400,  -2870
1152363908,    -79,   1042,    -58,   1050,   -350,  -1680
1152368909,     71,    944,      9,    700,   -420,  -2940
1152373911,     71,    981,      6,    910,  -1260,  -5880
1152378912,     14,   1082,     72,    700,  -1330,  -6230
1152383913,   -211,   1113,     11,   1120,   -700,  -4340
1152388916,   -119,   1049,     27,    560,    -70,     70
1152393919,    -23,   1019,     -6,   1540,   -420,      0
1152398920,    -29,   1025,      0,   1330,   -210,    140
1152403921,    -28,   1018,      1,   1120,    -70,     70
1152408923,    -31,   1023,     -4,   1190,   -350,    140
1152413925,    -28,   1011,      1,   1050,   -350,    -70
1152418928,    -39,   1022,     -6,    840,   -630,     70
1152423929,    -34,   1015,     -2,    910,   -420,   -140
1152428930,    -36,   1016,     -2,   1400,  -1050,    490
1152433932,    -29,   1021,    -10,   1120,  -1050,    420
1152438933,    -30,   1019,    -12,    910,   -770,    420
1152443934,    -26,   1016,     -9,    560,   -770,    280
1152448937,    -25,   1020,     -3,    420,  -1260,    210
1152453938,    -27,   1020,     -7,    350,  -1330,    -70
1152458940,    -30,   1019,     -2,    700,  -1540,    210
1152463942,    -24,   1020,     -6,    490,  -1680,    -70
1152468944,    -25,   1020,     -7,    350,  -2100,   -210
1152473945,    -28,   1018,     -5,      0,  -1680,    -70
1152478946,    -30,   1021,     -1,   -140,  -1750,   -280
1152483947,    -33,   1018,      0,   -350,  -1750,   -140
1152488950,    -29,   1017,     -2,   -210,  -1330,      0
1152493952,    -25,   1017,     -3,   -560,   -980,    -70
1152498955,    -26,   1015,      3,   -630,   -770,   -420
1152503956,    -28,   1015,      6,   -560,   -700,   -140
1152508957,    -28,   1014,      4,   -910,   -420,      0
1152513958,    -30,   1016,      6,   -770,   -560,   -210
1152518960,    -32,   1011,     11,   -210,      0,   -280
1152523962,    -33,   1009,     10,   -280,      0,      0
1152528964,    -31,   1013,      7,      0,     70,   -140
1152533966,    -36,   1010,      8,    140,      0,    280
1152538967,    -37,   1010,     18,    140,   -140,    350
1152543968,    -42,   1009,     10,    770,   -350,     70
1152548969,    -41,   1016,      8,    910,   -210,    490
1152553971,    -34,   1011,      8,    980,   -350,    560
1152558972,    -35,   1014,      2,   1120,   -490,    700
1152563975,   -144,   1023,    -25,    770,  -1120,    280
1152568978,    -18,   1008,     19,    770,  -2940,   1120
1152573979,    -62,   1021,     -6,   1120,  -2870,    700
1152578982,    -30,   1012,      0,   1400,  -1960,    700
1152583983,    -26,   1017,      1,   1470,  -2170,    560
1152588986,    -31,   1019,     -6,   1050,  -2100,    350
1152593989,    -22,   1016,     -3,   1330,  -2590,    280
1152598991,    -21,   1018,      0,    770,  -2030,    630
1152603993,    -12,   1016,     -5,    980,  -1960,    350
1152608996,    -22,   1021,    -11,    770,  -1680,    280
1152613997,    -28,   1019,     -9,    560,  -1680,    280
1152618999,    -23,   1019,     -3,    490,  -1680,    280
1152624002,    -28,   1015,      0,      0,  -1540,    280
1152629004,    -28,   1015,      7,    -70,  -1330,    280
1152634005,    -20,   1009,      7,    -70,  -1120,      0
1152639008,    -28,   1016,      6,    210,   -910,    490
1152644009,    -25,   1010,      1,    140,   -490,    280
1152649011,    -29,   1012,      5,    280,   -280,    770
1152654013,    -26,   1011,      4,    490,   -420,    630
1152659015,    -26,   1011,      8,    770,   -280,    560
1152664018,    -23,   1016,      0,    980,   -350,    560
1152669019,    -27,   1016,      0,    630,     70,    420
1152674020,    -29,   1016,     -2,    840,   -140,    840
1152679023,    -24,   1016,      0,    700,      0,    560
1152684024,    -22,   1019,    -10,    770,    -70,    560
1152689025,    -22,   1022,     -7,    840,   -420,    420
1152694028,    -26,   1017,     -2,    350,   -140,    490
1152699030,    -23,   1020,    -10,    350,   -350,    -70
1152704032,    -25,   1017,     -3,    280,   -420,     70
1152709035,    -25,   1017,     -1,    210,   -350,    140
1152714038,    -28,   1016,     -5,   -140,   -630,     70
1152719041,    -30,   1018,     -2,   -280,    -70,      0
1152724044,    -32,   1016,      0,   -420,    -70,    -70
1152729045,    -26,   1017,     -3,   -630,   -280,      0
1152734048,    -26,   1013,      2,   -280,      0,    -70
1152739050,    -33,   1015,      1,    -70,   -280,      0
1152744052,    -29,   1013,      2,   -420,   -350,    350
1152749053,    -28,   1014,      1,   -140,   -280,     70
1152754054,    -30,   1011,      3,   -140,   -210,    210
1152759057,    -30,   1013,      1,    -70,   -280,    140
1152764058,    -30,   1012,      0,   -140,   -280,      0
1152769060,    -31,   1015,      2,     70,   -210,    -70
1152774061,    -31,   1014,      3,   -140,   -420,    -70
1152779062,    -31,   1016,      1,    210,   -350,    210
1152784065,    -28,   1016,      0,    210,   -630,    350
1152789067,    -26,   1016,      0,    140,   -490,    420
1152794069,    -27,   1017,      0,    210,   -350,    350
1152799072,    -25,   1012,      5,     70,   -420,    350
1152804073,    -27,   1016,      5,     70,   -560,     70
1152809076,    -27,   1016,      1,    140,   -490,  17710
1152814078,    -29,   1016,      1,    280,   -490,    350
1152819079,    -26,   1016,      0,    630,   -350,    140
1152824082,    -27,   1015,      0,    280,   -350,   -140
1152829083,    -30,   1016,      0,     70,   -140,    -70
1152834084,    -30,   1012,      4,    210,   -210,     70
1152839086,    -33,   1016,      1,    560,    -70,    280
1152844087,    -32,   1017,      0,    280,   -280,    420
1152849088,    -27,   1016,      1,    420,   -350,    280
1152854090,    -27,   1019,     -2,    420,   -490,    350
1152859093,    -25,   1018,      0,      0,   -420,    420
1152864095,    -26,   1017,      0,    350,   -280,    280
1152869096,    -29,   1015,      0,    -70,   -420,    420
1152874098,    -28,   1015,     -1,    140,   -770,    420
1152879099,    -24,   1017,      0,    140,   -490,    210
1152884100,    -26,   1016,      1,    140,   -350,      0
1152889102,    -24,   1016,      0,    210,   -560,      0
1152894104,    -26,   1016,      2,    210,   -350,    140
1152899106,    -27,   1016,      0,    -70,   -210,      0
1152904107,    -28,   1016,      1,     70,   -420,    140
1152909109,    -27,   1017,      0,      0,   -280,   -140
1152914111,    -27,   1015,     -1,    210,   -280,    210
1152919114,    -26,   1019,     -5,    140,   -350,    -70
1152924115,    -24,   1017,      0,    -70,   -700,   -140
1152929117,    -30,   1020,     -5,   -350,   -490,   -280
1152934118,    -26,   1014,      0,   -560,   -770,   -210
1152939119,    -29,   1018,      0,   -490,   -490,   -280
1152944120,    -30,   1011,      1,   -280,   -420,   -140
1152949123,    -31,   1016,      3,   -490,   -420,    -70
1152954124,    -32,   1009,      3,    280,   -630,    210
1152959127,    -32,   1013,      4,   -350,   -630,    280
1152964129,    -32,   1011,      3,   -140,   -770,     70
1152969131,    -31,   1013,      8,     70,   -630,    490
1152974133,    -31,   1014,      4,    210,   -560,    210
1152979136,    -30,   1012,      8,     70,   -770,    420
1152984137,    -28,   1012,      4,    420,   -280,    350
1152989139,    -27,   1015,      0,    350,   -560,     70
1152994142,    -24,   1016,      1,    700,   -630,    280
1152999145,    -26,   1018,      0,    350,   -490,    140
1153004146,    -26,   1016,      5,    420,   -490,    420
1153009149,    -28,   1014,      1,    840,   -490,    210
1153014151,    -29,   1016,      0,    770,   -560,    280
1153019152,    -29,   1016,     -3,    770,   -630,     70
1153024155,    -30,   1016,      2,    560,   -840,    210
1153029157,    -33,   1015,      0,    700,   -490,    490
1153034159,    -33,   1014,      0,    560,   -350,    420
1153039162,    -30,   1017,      0,    560,   -420,    420
1153044164,    -30,   1015,      0,    420,   -490,    420
1153049165,    -30,   1016,      0,    490,   -770,    490
1153054167,    -27,   1018,      0,    350,   -630,    280
1153059169,    -27,   1016,      0,    630,   -840,    630
1153064171,    -28,   1017,      0,    630,   -700,    630
1153069173,    -26,   1015,     -4,    420,   -910,    210
1153074174,    -26,   1018,     -1,    420,   -910,    210
1153079175,    -27,   1019,     -4,    140,   -770,    280
1153084178,    -25,   1016,      0,    210,   -560,    140
1153089179,    -24,   1016,      0,     70,   -560,    -70
1153094180,    -23,   1019,     -1,     70,   -420,    280
1153099182,    -24,   1018,      0,      0,   -560,    210
1153104184,    -21,   1019,      1,   -140,   -630,    350
1153109187,    -26,   1022,      1,    210,   -280,   -210
1153114190,    -28,   1016,      1,    -70,   -280,      0
1153119191,    -27,   1014,      4,   -210,   -350,    280
1153124193,    -27,   1019,      2,    -70,   -140,    140
1153129194,    -26,   1018,      0,   -140,      0,   -210
1153134197,    -26,   1018,      0,   -140,   -140,   -350
1153139200,    -33,   1017,      0,     70,   -490,   -210
1153144203,    -31,   1017,      2,    -70,   -420,    210
1153149205,    -31,   1016,      0,     70,   -350,     70
1153154206,    -29,   1016,      2,     70,   -840,    350
1153159208,    -34,   1015,      4,      0,   -560,    140
1153164210,    -35,   1013,     11,      0,   -630,      0
1153169211,    -30,   1016,      4,    280,   -350,     70
1153174212,    -35,   1014,      1,    210,   -630,    420
1153179215,    -31,   1013,      1,    490,   -490,    630
1153184216,    -28,   1015,      2,    630,   -630,    420
1153189218,    -33,   1009,      5,    350,   -280,    350
1153194219,    -29,   1009,     15,    910,   -420,    980
1153199221,    -32,   1013,      4,   1120,   -560,    840
1153204223,    -28,   1016,      1,    910,      0,    490
1153209224,    -27,   1016,      2,    980,     70,    840
1153214227,    -25,   1016,      2,   1190,     70,    770
1153219229,    -25,   1020,     -1,   1120,    -70,    770
1153224230,    -22,   1017,      0,    910,   -350,    770
1153229231,    -35,   1016,     -8,    840,      0,    700
1153234234,    -23,   1021,      0,    770,   -280,   1050
1153239236,    -25,   1015,     -5,    980,    -70,    910
1153244239,    -22,   1020,    -11,    700,   -280,    560
1153249242,    -23,   1021,     -8,    840,   -490,    490
1153254243,    -30,   1029,     -3,    560,   -350,    210
1153259245,    -29,   1016,     -5,    560,   -420,    280
1153264246,    -23,   1005,     -1,    -70,   -630,    140
1153269248,    -26,   1018,      0,    140,   -560,    140
1153274249,    -26,   1016,      4,     70,   -420,    -70
1153279251,    -27,   1016,      5,    210,   -560,    -70
1153284252,    -31,   1017,      3,    210,   -700,     70
1153289253,    -30,   1011,      2,    280,   -630,    210
1153294254,    -24,   1009,      3,    700,   -630,    280
1153299255,    -20,   1009,      1,    490,   -560,    350
1153304256,    -22,   1012,      1,    420,   -560,    350
1153309259,    -24,   1016,      0,    910,   -700,    140
1153314261,    -28,   1017,     -3,    840,   -420,    560
1153319263,    -23,   1015,      0,    420,   -560,    350
1153324266,    -20,   1019,     -1,    560,   -420,    350
1153329268,    -19,   1016,     -2,    630,   -560,    350
1153334270,    -20,   1013,     -2,    490,   -140,    -70
1153339271,    -28,   1024,      0,    490,   -210,    140
1153344274,    -37,   1023,      0,    280,   -420,      0
1153349275,    -38,   1021,      1,    490,   -280,    210
1153354276,    -31,   1021,      0,    140,   -490,     70
1153359279,    -27,   1016,     -5,    -70,   -560,   -210
1153364281,    -26,   1016,     -4,      0,   -420,    -70
1153369284,    -26,   1016,     -1,   -350,   -980,     70
1153374286,    -28,   1016,      2,     70,   -700,    -70
1153379289,    -29,   1016,      0,   -140,  -1190,    280
1153384290,    -29,   1015,      0,      0,   -910,    -70
1153389291,    -26,   1008,      2,      0,  -1050,   -140
1153394293,    -23,   1013,      0,      0,  -1050,     70
1153399295,    -22,   1014,      0,    -70,   -980,    280
1153404296,    -26,   1016,      2,      0,   -700,    210
1153409297,    -29,   1011,      0,    -70,   -910,   -210
1153414299,    -26,   1014,      1,    420,  -1120,    -70
1153419301,    -26,   1018,      0,    140,  -1050,    140
1153424304,    -25,   1014,      3,      0,   -700,    140
1153429305,    -30,   1019,      1,    -70,   -560,     70
1153434306,    -30,   1017,      0,      0,   -770,      0
1153439308,    -29,   1016,      7,      0,   -490,      0
1153444309,    -32,   1015,      4,     70,   -420,     70
1153449310,    -29,   1011,      2,    280,   -140,    210
1153454311,    -28,   1010,      3,    490,   -350,     70
1153459312,     -3,   1037,    -19,    560,   -980,     70
1153464315,    -25,   1038,    -27,    490,  -1120,    -70
1153469317,    -20,   1005,      9,     70,   -700,    280
1153474318,    -28,   1019,     13,    490,   -210,    140
1153479319,    -28,   1012,      3,    770,   -840,    210
1153484320,    -34,   1017,      0,   1120,   -630,    560
1153489321,    -14,   1015,      0,    770,   -770,    210
1153494322,    -27,   1019,     -6,    980,   -840,    -70
1153499324,    -25,   1016,     -4,    630,   -770,      0
1153504326,    -25,   1018,      0,    560,   -630,     70
1153509327,    -30,   1018,      1,    420,   -490,      0
1153514330,    -24,   1015,    -62,    280,   -420,    490
1153519332,    -30,   1015,     -2,    350,   -560,    -70
1153524334,    -30,   1014,      4,    490,   -560,    140
1153529337,    -29,   1014,      0,    420,   -630,     70
1153534338,    -31,   1015,      2,    560,   -980,    140
1153539339,    -28,   1015,     -2,    630,  -1050,    210
1153544341,    -24,   1014,      0,    770,   -980,    210
1153549344,    -23,   1013,      1,    560,   -840,    490
1153554347,    -27,   1014,      0,    490,   -910,    350
1153559348,    -25,   1017,      0,    910,  -1400,    210
1153564349,    -27,   1018,     -1,    420,  -1050,     70
1153569350,    -27,   1019,      0,    560,   -980,    210
1153574352,    -28,   1020,     -1,    560,   -630,     70
1153579353,    -27,   1018,     -2,    280,   -630,      0
1153584356,    -27,   1017,     -2,     70,   -140,    280
1153589359,    -29,   1014,      0,  17640,   -210,     70
1153594361,    -28,   1018,      0,     70,   -140,   -140
1153599362,    -29,   1014,      3,    -70,   -350,    350
1153604364,    -30,   1013,      2,    350,   -280,    350
1153609366,    -30,   1012,      1,    350,   -630,      0
1153614368,    -26,   1011,      0,    630,   -630,    -70
1153619370,    -24,   1017,     -5,    840,   -770,    350
1153624371,    -23,   1018,     -1,    560,   -700,      0
1153629374,    -25,   1018,      0,    770,   -630,    210
1153634376,    -25,   1018,     -1,    490,   -490,    140
1153639378,    -26,   1017,     -1,    210,   -630,     70
1153644379,    -24,   1016,      0,    280,   -630,    140
1153649381,    -27,   1016,      1,    280,   -770,    140
1153654383,    -26,   1013,      1,     70,   -910,     70
1153659385,    -38,   1018,     -3,    210,   -840,    210
1153664386,    -27,   1017,     -1,     70,   -910,     70
1153669389,    -25,   1016,     -3,    420,   -770,    -70
1153674390,    -19,   1015,      2,    210,   -490,     70
1153679391,    -25,   1017,     -1,    -70,   -700,   -140
1153684393,    -24,   1018,     -1,    -70,   -490,   -140
1153689394,    -23,   1016,     -1,    210,   -630,   -210
1153694396,    -25,   1016,     -5,    -70,   -350,   -280
1153699398,    -26,   1016,      0,    -70,   -140,   -350
1153704400,    -28,   1013,     -2,    280,   -280,   -210
1153709402,    -25,   1016,     -1,    -70,   -280,    -70
1153714404,    -28,   1015,     -2,      0,    -70,    -70
1153719405,    -29,   1019,     61,   -140,     70,      0
1153724407,    -28,   1012,      1,   -350,    280,      0
1153729408,    -32,   1015,      0,    140,   -140,      0
1153734410,    -32,   1015,      2,   -140,    420,     70
1153739411,    -28,   1014,      5,      0,    -70,    210
1153744413,    -30,   1012,      2,    140,      0,     70
1153749414,    -30,   1016,      2,    280,   -420,     70
1153754416,    -28,   1014,      1,    210,   -210,      0
1153759419,    -30,   1016,      8,    280,   -560,    210
1153764422,    -32,   1013,      0,    560,   -420,     70
1153769423,    -30,   1015,      0,    350,   -280,    280
1153774424,    -29,   1017,     -2,    420,   -280,    140
1153779427,    -26,   1016,      1,    490,   -350,    280
1153784428,    -24,   1016,      1,    630,   -280,    140
1153789431,    -26,   1016,     -2,    280,   -560,    280
1153794433,    -27,   1019,     -1,    350,   -630,    280
1153799436,    -28,   1019,     -2,    140,   -350,    -70
1153804438,    -27,   1019,      0,    210,   -210,     70
1153809439,    -29,   1016,     -6,    210,   -630,     70
1153814441,    -32,   1016,     -3,    350,   -840,    350
1153819442,    -25,   1016,     -7,    420,   -910,      0
1153824443,    -23,   1014,     -2,    350,   -490,    140
1153829446,    -24,   1013,     -4,     70,   -770,      0
1153834448,    -25,   1012,      3,     70,   -700,   -280
1153839451,    -29,   1024,      5,   -210,   -700,   -140
1153844452,    -37,   1029,      7,    280,   -840,    210
1153849453,    -43,   1017,      5,    350,   -770,      0
1153854455,    -33,   1006,      1,    350,   -840,    280
1153859457,    -24,   1001,      0,    560,  -1050,    630
1153864458,    -12,   1009,      0,    490,   -770,    350
1153869460,    -18,   1018,      2,    420,   -840,    280
1153874461,    -34,   1019,      2,    280,   -630,    140
1153879464,    -32,   1017,      0,   1050,   -700,    210
1153884466,    -31,   1010,      1,    420,   -420,    490
1153889468,    -26,   1009,      1,    630,   -420,    350
1153894469,    -25,   1016,      0,    980,   -840,    280
1153899471,    -32,   1024,     -4,    840,  -1050,    560
1153904472,    -37,   1018,     -1,    840,   -910,    350
1153909474,    -32,   1012,      2,    840,   -560,    350
1153914477,    -37,   1018,      7,    630,   -840,    770
1153919480,    -31,   1015,      2,   1050,   -980,    700
1153924482,    -29,   1008,      1,   1190,   -840,    700
1153929484,    -28,   1003,      5,   1260,   -910,    630
1153934486,    -20,   1012,      1,   1260,   -980,    700
1153939488,    -30,   1021,      0,   1540,  -1260,    770
1153944489,    -33,   1018,      0,   1750,  -1190,   1120
1153949492,    -21,   1015,     -6,   1680,   -910,    770
1153954494,    -16,   1009,     -6,   1330,   -700,    770
1153959495,    -16,   1016,     -2,   1400,   -770,    910
1153964497,    -23,   1020,     -6,   1400,   -840,    840
1153969498,    -25,   1025,     -5,   1120,   -980,    700
1153974499,    -28,   1021,     -4,   1330,   -630,    560
1153979500,    -25,   1018,     -1,    980,   -630,    630
1153984502,    -21,   1014,     -6,    700,   -350,    560
1153989504,    -23,   1017,     -9,    770,   -560,    630
1153994506,    -21,   1019,     -7,    630,   -700,    350
1153999507,    -26,   1017,     -3,    560,   -490,    280
1154004509,    -22,   1018,     -3,    350,   -560,    420
1154009510,    -23,   1016,     -3,    560,   -420,    420
1154014511,    -20,   1013,     -7,    210,   -770,     70
1154019513,    -21,   1015,     -6,    420,   -490,    350
1154024515,    -18,   1018,     -6,    140,   -560,      0
1154029517,    -25,   1020,     -7,    -70,   -280,     70
1154034518,    -25,   1019,     -2,      0,   -630,    140
1154039520,    -25,   1016,     -6,   -140,   -420, -17780
1154044521,    -25,   1017,     -2,    280,   -630,     70
1154049522,    -23,   1017,     -5,     70,   -770,    140
1154054524,    -24,   1016,     -3,    -70,   -490,    210
1154059526,    -25,   1018,      0,      0,   -280,   -140
1154064528,    -31,   1016,      2,    -70,   -140,      0
1154069530,    -31,   1016,      1,      0,     70,    280
1154074533,    -29,   1014,      2,    280,   -280,     70
1154079534,    -24,   1014,     -2, -17780,   -210,    140
1154084537,    -28,   1012,     -2,     70,    -70,    280
1154089538,    -24,   1012,      0,      0,   -280,    280
1154094539,    -27,   1016,      0,    140,   -420,    140
1154099541,    -28,   1014,      0,    280,   -350,    280
1154104543,    -26,   1016,     -2,    490,   -490,    210
1154109545,    -21,   1013,     -1,    210,   -490,      0
1154114546,    -26,   1015,      0,    490,   -560,     70
1154119548,    -26,   1016,      0,    140,   -490,     70
1154124549,    -30,   1017,     -2,    210,   -210,      0
1154129551,    -32,   1019,      0,    210,   -210,      0
1154134552,    -29,   1016,     -2,    210,   -490,    210
1154139554,    -29,   1013,     -4,     70,   -420,    210
1154144556,    -25,   1016,      0,    280,   -560,    210
1154149558,    -26,   1014,      0,    210,   -770,    280
1154154559,    -29,   1015,     -1,      0,   -630,    210
1154159560,    -28,   1014,     -6,    420,   -490,    350
1154164563,    -27,   1015,     -2,    420,   -280,    280
1154169564,    -26,   1013,     -2,    280,   -560,    280
1154174566,    -27,   1014,      0,    280,   -770,    280
1154179569,    -24,   1013,     -1,    490,   -420,    210
1154184572,    -25,   1015,     -4,    490,   -280,    280
1154189574,    -29,   1016,      0,    210,   -700,    280
1154194576,    -31,   1015,      0,    140,   -980,    350
1154199577,    -26,   1017,     -2,    140,   -490,    210
1154204578,    -29,   1012,      0,    350,   -350,    280
1154209581,    -27,   1015,      0,    490,   -560,    280
1154214584,    -31,   1021,     -1,    420,   -560,    350
1154219587,    -20,   1010,      5,    630,   -560,    490
1154224588,    -27,   1016,     -4,    630,   -420,    350
1154229590,    -26,   1008,     -1,    840,   -280,    700
1154234592,    -19,   1014,     -2,    420,   -420,    770
1154239594,    -20,   1016,     -2,    700,   -560,    700
1154244596,    -20,   1018,     -9,    700,   -840,    490
1154249597,    -24,   1019,    -13,    490,   -560,     70
1154254600,    -24,   1015,     -7,    420,   -490,    210
1154259601,    -19,   1016,     -4,    490,   -630,     70
1154264602,    -18,   1019,     -6,    490,   -630,    140
1154269604,    -19,   1019,     -9,    280,   -280,      0
1154274605,    -24,   1015,     -7,    350,   -280,     70
1154279606,    -26,   1016,    -10,      0,   -210,   -350
1154284609,    -26,   1018,     -5,    -70,   -210,   -210
1154289612,    -28,   1019,      0,   -140,      0,    -70
1154294614,    -27,   1016,      1,   -210,      0,   -420
1154299616,    -30,   1014,      1,   -280,   -140,   -140
1154304619,    -32,   1014,     -2,   -210,    -70,   -140
1154309622,    -29,   1015,      1,   -140,   -350,    -70
1154314624,    -29,   1015,      1,      0,   -700,      0
1154319625,    -28,   1014,      1,    210,   -700,    280
1154324628,    -29,   1010,      0,    210,   -560,      0
1154329629,    -27,   1013,     -1,    140,   -490,    140
1154334631,    -26,   1012,      1,    420,   -700,     70
1154339632,    -23,   1016,      0,    490,   -700,    210
1154344633,    -25,   1015,      0,    140,   -770,    210
1154349634,    -27,   1013,     -1,    280,   -490,    140
1154354635,    -24,   1016,     -2,     70,   -560,    140
1154359636,    -22,   1013,     -5,    -70,   -210,    210
1154364637,    -24,   1018,     -6,     70,   -280,    280
1154369639,    -25,   1017,     -4,    280,   -280, -17920
1154374640,    -30,   1014,      0,   -490,   -350,     70
1154379641,    -27,   1012,      0,      0,   -420,      0
1154384644,    -29,   1015,     -3,    420,   -490,    140
1154389647,    -29,   1017,     -6,    -70,   -420,     70
1154394650,    -29,   1017,     -3,    210,   -560,     70
1154399651,    -29,   1016,     -5,    140,   -490,    -70
1154404652,    -30,   1016,     -4,    140,   -560,      0
1154409653,    -24,   1017,     -7,     70,   -770,    -70
1154414655,    -26,   1016,     -4,   -350,   -630,     70
1154419656,    -27,   1015,     -2,   -350,   -630,   -210
1154424657,    -23,   1016,      0,    140,   -490,    140
1154429658,    -25,   1016,     -1,   -490,   -350,    140
1154434659,    -24,   1015,     -4,   -140,   -210,     70
1154439660,    -27,   1016,      0,   -350,   -560,    210
1154444661,    -29,   1014,      2,     70,   -840,    -70
1154449663,    -28,   1016,      0,   -280,   -770,   -350
1154454664,    -29,   1015,      3,     70,   -560,    -70
1154459665,    -30,   1012,      1,   -140,   -630,     70
1154464666,    -30,   1012,      2,    420,   -490,    -70
1154469667,    -26,   1014,      1,    350,   -350,    140
1154474670,    -28,   1016,      2,    420,   -420,    210
1154479671,    -26,   1016,      0,    560,   -210,    210
1154484673,    -30,   1015,     -1,    210,   -210,     70
1154489674,    -26,   1016,      0,    420,   -490,     70
1154494675,    -24,   1015,      0,    840,   -630,    210
1154499678,    -24,   1016,      1,    630,   -910,    280
1154504679,    -30,   1016,      0,    560,   -910,     70
1154509680,    -30,   1016,     -1,    770,  -1260,    350
1154514681,    -33,   1016,     -2,    980,  -1540,    280
1154519683,    -30,   1012,      0,    840,  -1610,    420
1154524686,    -32,   1015,      0,    910,  -1610,    350
1154529688,    -31,   1011,      0,    910,  -1470,    420
1154534691,    -27,   1014,     -1,    980,  -1470,    420
1154539694,    -30,   1017,     -6,   1260,  -1470,    560
1154544696,    -20,   1022,     -9,   1050,  -1400,    700
1154549699,    -18,   1020,     -7,    770,  -1470,    490
1154554702,    -16,   1019,     -6,    910,  -1050,    280
1154559703,    -17,   1019,     -9,    630,   -980,    420
1154564706,    -19,   1017,    -11,    210,   -980,    350
1154569707,    -20,   1015,     -7,     70,   -490,    140
1154574708,    -21,   1017,     -1,    140,   -140,  17780
1154579710,    -24,   1017,     -5,      0,      0,    -70
1154584713,    -27,   1016,     -5,   -350,      0,     70
1154589715,    -27,   1014,      0,      0,      0,     70
1154594718,    -27,   1013,      0,      0,   -210,    350
1154599719,    -26,   1014,      2,     70,    -70,    -70
1154604722,    -34,   1016,      0,    210,   -210,    210
1154609724,    -30,   1015,     -1,      0,   -210,    210
1154614725,    -30,   1012,      1,    140,   -560,     70
1154619726,    -28,   1016,      0,    140,   -280,    350
1154624728,    -30,   1014,     -5,    420,   -280,    140
1154629729,    -26,   1014,     -3,    560,   -630,    210
1154634731,    -24,   1015,      0,    280,   -350,    140
1154639734,    -25,   1015,     -1,    280,   -350,    210
1154644737,    -22,   1015,     -2,    210,   -140,    210
1154649738,    -15,   1004,    -10,      0,   -140,     70
1154654740,    -29,   1018,      1,    280,      0,      0
1154659743,    -45,   1015,     -4,    210,   -280,   -140
1154664746,    -26,   1014,     -1,    210,   -490,    280
1154669748,    -24,   1021,     -2,    210,   -140,    210
1154674751,    -26,   1015,     -1,     70,   -210,    210
1154679752,    -22,   1018,     -1,     70,   -560,    210
1154684754,    -28,   1013,     -2,     70,   -420,     70
1154689756,    -28,   1018,     -1,    -70,   -210,     70
1154694757,    -24,   1015,     -2,      0,   -700,      0
1154699759,    -28,   1016,     -5,      0,   -280,    140
1154704760,    -25,   1015,     -6,      0,   -140,      0
1154709762,    -27,   1016,     -7,      0,   -350,     70
1154714764,    -30,   1017,     -4,   -140,   -280,   -210
1154719765,    -25,   1014,     -5,      0,   -560,   -210
1154724766,    -25,   1016,     -2,    -70,   -280,      0
1154729768,    -27,   1014,      0,    -70,   -420,    210
1154734771,    -25,   1015,      1,   -140,   -490,     70
1154739774,    -30,   1016,      1,     70,   -560,      0
1154744776,    -26,   1014,     -2,    140,   -560,    280
1154749779,    -27,   1016,      0,    210,   -350,     70
1154754782,    -23,   1015,      0,    280,   -140,    210
1154759783,    -23,   1015,      0,    280,   -210,     70
1154764785,    -26,   1015,      0,    210,   -350,    280
1154769788,    -24,   1016,      0,    560,   -280,    210
1154774791,    -25,   1013,      0,    280,   -140,    280
1154779792,    -27,   1016,     -1,     70,   -280,    140
1154784795,    -25,   1015,     -2,    210,   -770,    210
1154789798,    -24,   1015,     -4,    280,   -280,    140
1154794801,    -27,   1017,     -3,    280,   -140,   -210
1154799804,    -23,   1018,     -6,   -140,   -350,   -210
1154804807,    -23,   1016,     -6,      0,   -420,    140
1154809808,    -26,   1016,     -1,     70,      0,    -70
1154814810,    -25,   1015,     -1,    210,   -140,    -70
1154819811,    -26,   1018,      0,    140,   -560,      0
1154824812,    -26,   1016,     -3,     70,   -700,    140
1154829813,    -28,   1016,     -6,    -70,   -630,    210
1154834814,    -24,   1016,     -5,   -210,   -560,    140
1154839816,    -24,   1018,     -1,   -280,   -490,    -70
1154844818,    -29,   1017,     -4,   -140,   -140,    210
1154849819,    -25,   1016,     -3,   -140,   -420,    210
1154854821,    -25,   1017,      0,   -210,   -420,     70
1154859823,    -24,   1015,      0,   -350,   -420,      0
1154864826,    -27,   1013,     -2,   -490,   -490,      0
1154869828,    -26,   1014,      0,   -140,   -140,      0
1154874831,    -25,   1013,      0,     70,   -280,     70
1154879832,    -28,   1014,      0,   -140,   -350,    -70
1154884834,    -32,   1015,      0,    -70,   -490,     70
1154889836,    -27,   1015,      1,    -70,   -420,     70
1154894838,    -30,   1015,      0,    140,   -490,     70
1154899840,    -26,   1011,      0,     70,   -630,     70
1154904843,    -27,   1015,     -1,     70,   -560,      0
1154909844,    -26,   1016,      0,    140,   -560,    210
1154914847,    -28,   1017,      0,    210,   -560,    210
1154919850,    -25,   1016,      1,     70,   -210,      0
1154924852,    -24,   1017,     -1,   -140,   -140,     70
1154929853,    -28,   1016,     -2,    -70,   -560,    140
1154934855,    -26,   1015,     -2,    210,   -490,    140
1154939856,    -26,   1017,     -2,     70,   -560,     70
1154944858,    -27,   1016,      0,    210,   -700,    140
1154949859,    -27,   1018,     -1,    210,   -490,     70
1154954862,    -22,   1016,     -2,      0,   -350,    140
1154959863,    -23,   1018,     -4,    140,   -280,    -70
1154964865,    -28,   1017,      0,    -70,   -210,    140
1154969868,    -26,   1015,      0,    -70,   -420,     70
1154974870,    -26,   1016,     -3,      0,   -630,      0
1154979872,    -26,   1014,     -2,   -210,   -280,    140
1154984875,    -27,   1014,      0,     70,   -280,    -70
1154989876,    -24,   1015,      0,   -140,   -350,    -70
1154994878,    -25,   1014,     -5,    -70,   -420,    210
1154999880,    -28,   1015,     -2,   -280,   -280,      0
1155004882,    -29,   1016,     -1,    -70,   -350,   -140
1155009885,    -26,   1014,      0,     70,   -630,      0
1155014887,    -26,   1015,      2,    210,   -700,    140
1155019889,    -25,   1013,      0,    -70,   -490,   -140
1155024892,    -24,   1018,      0,      0,   -420,    210
1155029895,    -24,   1015,      0,    140,   -420,     70
1155034896,    -23,   1016,     -2,    140,   -140,    140
1155039898,    -26,   1016,      0,      0,   -280,      0
1155044900,    -28,   1015,      1,      0,   -560,    140
1155049903,    -29,   1020,     -1,    210,   -700,      0
1155054905,    -30,   1012,     -1,      0,   -210,      0
1155059907,    -27,   1014,     -3,    140,   -420,     70
1155064909,    -24,   1015,      0,      0,   -280,     70
1155069911,    -23,   1017,      0,    140,   -630,    350
1155074914,    -25,   1016,     -1,    420,   -630,     70
1155079916,    -24,   1016,     -4,     70,   -280,     70
1155084919,    -27,   1016,     -3,    -70,   -420,    -70
1155089922,    -26,   1015,     -1,     70,   -630,     70
1155094923,    -24,   1015,     -3,     70,   -210,    140
1155099926,    -25,   1017,     -8,      0,   -560,    210
1155104927,    -23,   1016,     -3,      0,   -140,   -350
1155109929,    -28,   1017,     -2,   -140,   -280,  17850
1155114932,    -26,   1016,     -1,      0,   -280,    -70
1155119934,    -25,   1016,      0,   -210,   -420,      0
1155124935,    -25,   1016,      0,   -350,   -630,      0
1155129936,    -26,   1011,      1,   -210,   -490,      0
1155134938,    -28,   1016,      4,    -70,   -350,    -70
1155139939,    -31,   1015,      3,   -140,   -280,   -280
1155144940,    -28,   1016,      0,    -70,    -70,   -210
1155149941,    -26,   1012,     -1,  17850,   -280,    140
1155154943,    -23,   1014,      1,    280,   -210,    140
1155159944,    -23,   1019,      1,      0,   -420,   -210
1155164946,    -32,   1019,      1,    210,   -420,      0
1155169949,    -29,   1013,     -3,    210,   -140,     70
1155174950,    -25,   1015,     -1,    210,   -350,      0
1155179951,    -20,   1014,     -1,    420,   -420,     70
1155184952,    -27,   1018,     -1,    280,   -770,   -140
1155189953,    -33,   1019,     -1,    490,   -350,    140
1155194956,    -31,   1018,      0,    210,   -560,     70
1155199959,    -32,   1016,      2,    210,   -980,    350
1155204962,    -31,   1014,     -1,    280,   -700,      0
1155209964,    -21,   1015,     -2,    350,   -700,    210
1155214967,    -20,   1019,     -4,    420,   -840,     70
1155219968,    -24,   1016,     -2,      0,   -490,   -210
1155224969,    -29,   1016,     -4,   -210,   -910,      0
1155229970,    -26,   1018,     -8,    210,   -630,   -280
1155234973,    -25,   1019,      0,      0,   -490,    140
1155239974,    -23,   1015,     -3,      0,   -560,    210
1155244976,    -21,   1011,     -2,   -210,   -770,    -70
1155249979,    -34,   1019,      0,    280,  -1540,      0
1155254981,    -20,   1025,    -22,    210,   -630,    -70
1155259984,    -28,   1016,      0,   -280,   -350,      0
1155264985,    -28,   1015,      3,   -140,   -350,   -140
1155269986,    -26,   1010,      0,      0,   -560,    -70
1155274987,    -27,   1016,      0,   -140,   -560,      0
1155279988,    -28,   1014,      1,      0,   -490,      0
1155284989,    -29,   1017,      3,   -280,   -420,     70
1155289991,    -30,   1018,      5,    -70,   -350,   -140
1155294993,    -28,   1014,      0,    140,   -630,     70
1155299995,    -25,   1013,      0,    140,   -350,    210
1155304998,    -27,   1016,      0,    420,   -630,      0
1155309999,    -26,   1015,      0,    -70,   -490,    -70
1155315000,    -28,   1016,      0,    280,   -630,  17850
1155320003,    -32,   1016,      0,    420,   -630,     70
1155325004,    -29,   1013,      0,    350,      0,    210
1155330005,    -26,   1015,      0,    140,   -490,    210
1155335006,    -30,   1015,     -2,    210,   -420,    420
1155340007,    -27,   1015,      0,    140,   -490,    350
1155345010,    -28,   1017,      1,     70,   -490,    280
1155350012,    -28,   1014,      0,    140,   -420,    140
1155355014,    -27,   1016,      0,    630,   -420,    210
1155360015,    -28,   1015,      0,    280,   -490,    140
1155365016,    -25,   1016,      0,    350,   -700,    140
1155370019,    -28,   1016,     -1,    280,   -560,    140
1155375021,    -26,   1017,     -1,    420,   -560,      0
1155380023,    -25,   1018,     -1,    -70,   -700,    280
1155385024,    -27,   1018,      0,    420,   -140,    210
1155390025,    -29,   1015,      0,    350,   -350,    350
1155395026,    -27,   1014,     -5,    140,    -70,    490
1155400027,    -26,   1015,     -5,      0,   -490,     70
1155405030,    -23,   1016,     -1,    350,   -420,    210
1155410032,    -25,   1017,      0,    140,   -210,    140
1155415033,    -28,   1016,      0,     70,   -210,      0
1155420034,    -28,   1016,      0,   -140,   -560,    350
